region_id	borzoi_folds	centered_input_bp	input_context_start	input_context_end	context_folds	overlapping_windows	standard_checkpoint_role	eligibility
PMP22_INTRONIC	fold7	524288	14985893	15510181	fold7	4	training	ineligible_for_independent_PMP22_genomic_benchmark
PMP22_INTRONIC_TRANSGENE	fold7	524288	14985601	15509889	fold7	4	training	ineligible_for_independent_PMP22_genomic_benchmark
PMP22_P2_REPORTER	fold7	524288	15000529	15524817	fold7	4	training	ineligible_for_independent_PMP22_genomic_benchmark
PMP22_DISTAL_A	fold7	524288	15147816	15672104	fold7	4	training	ineligible_for_independent_PMP22_genomic_benchmark
PMP22_DISTAL_B	fold7	524288	15144024	15668312	fold7	4	training	ineligible_for_independent_PMP22_genomic_benchmark
PMP22_DISTAL_C	fold7	524288	15115705	15639993	fold7	4	training	ineligible_for_independent_PMP22_genomic_benchmark
PMP22_P1	fold7	524288	15003112	15527400	fold7	4	training	ineligible_for_independent_PMP22_genomic_benchmark
PMP22_P2	fold7	524288	15000665	15524953	fold7	4	training	ineligible_for_independent_PMP22_genomic_benchmark
PMP22_DISTAL	fold7	524288	15131732	15656020	fold7	5	training	ineligible_for_independent_PMP22_genomic_benchmark
