region_id	schwann_atac_unique_peak_intervals	atac_peak_signal_max	conservation_covered_bp	phastcons100way_mean	inference	broad_atac_unique_peak_intervals	atac_threshold_status
PMP22_INTRONIC	1	7.22022	243	0.2179	observed_accessibility_or_conservation_not_causal_assignment	1	IDR_supported
PMP22_INTRONIC_TRANSGENE	1	7.22022	1647	0.0819	observed_accessibility_or_conservation_not_causal_assignment	1	IDR_supported
PMP22_P2_REPORTER	1	2.92479	436	0.3994	observed_accessibility_or_conservation_not_causal_assignment	1	IDR_supported
PMP22_DISTAL_A	0		296	0.344	observed_accessibility_or_conservation_not_causal_assignment	1	broad_only
PMP22_DISTAL_B	0		397	0.4973	observed_accessibility_or_conservation_not_causal_assignment	1	broad_only
PMP22_DISTAL_C	1	4.49827	409	0.5788	observed_accessibility_or_conservation_not_causal_assignment	1	IDR_supported
PMP22_P1	0		207	0.3298	observed_accessibility_or_conservation_not_causal_assignment	0	not_detected_in_released_peaks
PMP22_P2	1	2.92479	762	0.2435	observed_accessibility_or_conservation_not_causal_assignment	1	IDR_supported
PMP22_DISTAL	1	4.49827	32463	0.044	observed_accessibility_or_conservation_not_causal_assignment	4	IDR_supported
