example_id	conservation
chr17:59220177-59220777	0.8153701740921364
chr17:42676884-42677484	0.8802685469951556
chr17:7435033-7435633	0.5931500106336713
chr17:56833712-56834312	0.3291647589324064
chr17:57935742-57936342	0.4011561179216736
chr17:77958315-77958915	0.7434902427471839
chr17:81295018-81295618	0.3669589799726068
chr17:17836074-17836674	0.4037539581640848
chr17:63773459-63774059	0.5174955150642265
chr17:75979242-75979842	0.389944706127961
chr17:50877766-50878366	0.35876267844474585
chr17:4555067-4555667	0.6246401834205211
chr17:80260153-80260753	0.32291208307977565
chr17:48107428-48108028	0.5193329857855523
chr17:39980290-39980890	0.6930944496732984
chr17:59964487-59965087	0.48084856070374205
chr17:48908068-48908668	0.8527827145736101
chr17:1491464-1492064	0.3725970127035376
chr17:50893528-50894128	0.6535333508271367
chr17:39231074-39231674	0.6697107226034049
chr17:78723326-78723926	0.5706278794429926
chr17:20155630-20156230	0.697741863806279
chr17:75720923-75721523	0.5237833013841073
chr17:29591507-29592107	0.7938838783483713
chr17:782014-782614	0.6780874811215891
chr17:38704882-38705482	0.7376236205420487
chr17:76540661-76541261	0.5830238473000123
chr17:48024972-48025572	0.46391092728821265
chr17:49707941-49708541	0.5432445004009179
chr17:83051591-83052191	0.3366470959442262
chr17:67366357-67366957	0.7901244694694423
chr17:50064539-50065139	0.6727477154405028
chr17:10114972-10115572	0.7432927317859144
chr17:47189221-47189821	0.7081458301572716
chr17:79074536-79075136	0.3901930930883469
chr17:75046806-75047406	0.7816125840900656
chr17:82458324-82458924	0.4520671949499146
chr17:46922556-46923156	0.4507424540841568
chr17:64263011-64263611	0.7250307103129943
chr17:77451194-77451794	0.6619686089761219
chr17:7835336-7835936	0.5947522987968015
chr17:11997220-11997820	0.40177395615651984
chr17:42017194-42017794	0.8741924414957699
chr17:36486337-36486937	0.5847512276487777
chr17:15262331-15262931	0.7272886112328578
chr17:28318731-28319331	0.5145024414912178
chr17:50478527-50479127	0.4417111106638666
chr17:47492381-47492981	0.6499632680301565
chr17:64836934-64837534	0.4203114608260894
chr17:40139931-40140531	0.589722420199661
chr17:29148637-29149237	0.4842654739284656
chr17:47889801-47890401	0.5413427425654567
chr17:31859016-31859616	0.3816747497632019
chr17:27456036-27456636	0.5321585408815018
chr17:18780900-18781500	0.4312446360000628
chr17:31549746-31550346	0.5550933984805003
chr17:81119568-81120168	0.4027262029591042
chr17:3636079-3636679	0.5083494975279812
chr17:75034732-75035332	0.5161941329611233
chr17:42744700-42745300	0.5935580553333069
chr17:37359022-37359622	0.7533553018821109
chr17:28576696-28577296	0.5829672115013594
chr17:29929998-29930598	0.8848126182091087
chr17:28335317-28335917	0.6213227233115028
chr17:74453895-74454495	0.32884475729137014
chr17:28952125-28952725	0.6055227202017601
chr17:8295127-8295727	0.44933301345866955
chr17:17809976-17810576	0.4578053593662634
chr17:35788686-35789286	0.5904028048048416
chr17:34579192-34579792	0.8735991139838623
chr17:61409403-61410003	0.5261178745039663
chr17:35578332-35578932	0.46099388357621673
chr17:82668444-82669044	0.36849966326081673
chr17:69235297-69235897	0.37690522411132305
chr17:75131482-75132082	0.5956295827456078
chr17:56913829-56914429	0.5849732890124272
chr17:1516379-1516979	0.5152567421983328
chr17:7614872-7615472	0.8081431080185943
chr17:43388319-43388919	0.33464422988348363
chr17:44899104-44899704	0.4654863125109052
chr17:74330415-74331015	0.4522039814016208
chr17:28743659-28744259	0.7849373699922799
chr17:7889056-7889656	0.9454313094423586
chr17:75869105-75869705	0.38203115765129203
chr17:4731505-4732105	0.7439655062956472
chr17:43360890-43361490	0.32781915809521434
chr17:55763735-55764335	0.5043100018748915
chr17:81429140-81429740	0.5379624733987584
chr17:28644930-28645530	0.7253419448707654
chr17:76585621-76586221	0.36295559743904054
chr17:81082573-81083173	0.32682747045716803
chr17:61927396-61927996	0.7227906316957045
chr17:21287660-21288260	0.7209075180901602
chr17:81977221-81977821	0.5664774342846447
chr17:60677490-60678090	0.9011531157050389
chr17:42088129-42088729	0.5405306987558822
chr17:73311789-73312389	0.4695136815873507
chr17:30291795-30292395	0.5263157780224161
chr17:48892293-48892893	0.8555768681850422
chr17:42667818-42668418	0.9278768894682476
chr17:31008395-31008995	0.7008624917849068
chr17:12020482-12021082	0.6867783368122703
chr17:16438449-16439049	0.40967708883090254
chr17:81871196-81871796	0.4273993739438857
chr17:6651380-6651980	0.4942994606232386
chr17:10198577-10199177	0.6392664646699927
chr17:78716800-78717400	0.4681385332938567
chr17:40317904-40318504	0.8252886607293025
chr17:64156131-64156731	0.40456637892918906
chr17:2029688-2030288	0.46069374784093614
chr17:15684002-15684602	0.44237294104685987
chr17:32486223-32486823	0.3860315232166283
chr17:67825141-67825741	0.768594876647895
chr17:7483995-7484595	0.902108917211509
chr17:65137062-65137662	0.6217245908175913
chr17:47895600-47896200	0.8259321575384325
chr17:59355587-59356187	0.9112986373937121
chr17:50919501-50920101	0.7066545944782255
chr17:36591484-36592084	0.5856978901886098
chr17:18682044-18682644	0.49609396332840866
chr17:42120886-42121486	0.9287901739777634
chr17:55750704-55751304	0.5106351483868382
chr17:76709299-76709899	0.44519277140116326
chr17:50102047-50102647	0.3489878132174091
chr17:40191497-40192097	0.5158127252688509
chr17:4263680-4264280	0.5555408356582128
chr17:78861945-78862545	0.40108150096523165
chr17:49788913-49789513	0.7838590342232952
chr17:78359898-78360498	0.6887257337729559
chr17:17379296-17379896	0.32726803006921845
chr17:20908394-20908994	0.5518777920841604
chr17:8138759-8139359	0.5965727085043832
chr17:4967163-4967763	0.7761427854696908
chr17:42997934-42998534	0.5011672765066048
chr17:7572445-7573045	0.8831979957924219
chr17:55699255-55699855	0.8004943056973697
chr17:41930002-41930602	0.3783429617195608
chr17:7915699-7916299	0.7641457973823423
chr17:72614916-72615516	0.8017685999936905
chr17:82735260-82735860	0.5231763531873873
chr17:50161294-50161894	0.5277567786443644
chr17:1487850-1488450	0.44261133536427716
chr17:10036595-10037195	0.8826825447887531
chr17:38729912-38730512	0.3307881503652952
chr17:20226673-20227273	0.3594517434834865
chr17:75205135-75205735	0.45374332175434184
chr17:76264946-76265546	0.8467997071277796
chr17:27577065-27577665	0.7464295114247862
chr17:18363245-18363845	0.3747456054700593
chr17:15563236-15563836	0.3934416778511333
chr17:27332706-27333306	0.4167103899046492
chr17:75507708-75508308	0.6070694531338845
chr17:39652770-39653370	0.6127577344095058
chr17:63621907-63622507	0.8834274409616043
chr17:77088379-77088979	0.4185990821964128
chr17:16215274-16215874	0.6129542620010575
chr17:44218394-44218994	0.7478525466043012
chr17:28842465-28843065	0.7536998320312781
chr17:36535181-36535781	0.3761112387886083
chr17:61863265-61863865	0.4337117718356412
chr17:41688524-41689124	0.8782746461472686
chr17:78040577-78041177	0.8178741924043951
chr17:46225125-46225725	0.9121327110712287
chr17:49566015-49566615	0.3834091001245937
chr17:79844624-79845224	0.3916887185451584
chr17:31533471-31534071	0.3316807308758346
chr17:50719231-50719831	0.7380875778307587
chr17:78896456-78897056	0.3335232216029913
chr17:4230027-4230627	0.3489956544252383
chr17:4710247-4710847	0.7962960823473063
chr17:63681377-63681977	0.6430124706624124
chr17:45371521-45372121	0.5117842806323969
chr17:57874354-57874954	0.821859941485845
chr17:59331281-59331881	0.7760933108874405
chr17:74213169-74213769	0.6073143451829212
chr17:49677788-49678388	0.937729922483823
chr17:32876956-32877556	0.4959019976817304
chr17:75525288-75525888	0.43346808654555535
chr17:50178044-50178644	0.47027666015681413
chr17:37406858-37407458	0.42104112001510957
chr17:37609187-37609787	0.6339210580473672
chr17:82022806-82023406	0.4346232260426101
chr17:42527112-42527712	0.39079479475205103
chr17:20189248-20189848	0.704191082169311
chr17:7219580-7220180	0.5514445844450186
chr17:7014424-7015024	0.7130942633671249
chr17:38799287-38799887	0.8239785247469238
chr17:58577603-58578203	0.6999536127986687
chr17:17591448-17592048	0.4886496782312984
chr17:76480548-76481148	0.43458294310163653
chr17:19977552-19978152	0.7928116347267814
chr17:8479238-8479838	0.3252538345936424
chr17:81552078-81552678	0.519709895079307
chr17:44968101-44968701	0.5313443137520705
chr17:38417603-38418203	0.723127618964746
chr17:50930890-50931490	0.725199251227163
chr17:44344967-44345567	0.5443383002349128
chr17:75456287-75456887	0.7776219127254275
chr17:48816868-48817468	0.49306797905425037
chr17:7436851-7437451	0.9102073977126064
chr17:81512648-81513248	0.44547623053374713
chr17:57242992-57243592	0.43014663311840906
chr17:1005310-1005910	0.8533289025650319
chr17:81636570-81637170	0.4691741480013767
chr17:81911298-81911898	0.33444254060475487
chr17:8186547-8187147	0.5263372887773392
chr17:996480-997080	0.39000012637483633
chr17:58992454-58993054	0.5195505190049227
chr17:47970622-47971222	0.5682035444124169
chr17:60078395-60078995	0.6501752440839449
chr17:39461225-39461825	0.8695322841934516
chr17:73644963-73645563	0.6908489422189925
chr17:77109541-77110141	0.439735373523206
chr17:78360660-78361260	0.3579254652440239
chr17:45894114-45894714	0.5810634050136809
chr17:44308223-44308823	0.6822412171763549
chr17:38296821-38297421	0.6324280571973934
chr17:62478465-62479065	0.7047497393019627
chr17:45092965-45093565	0.5831832548181878
chr17:81094863-81095463	0.5003454403902181
chr17:34413496-34414096	0.33026883500494403
chr17:50043661-50044261	0.6196098829671673
chr17:49515237-49515837	0.675361824281803
chr17:8156144-8156744	0.6066042158759096
chr17:48023679-48024279	0.3690982056362974
chr17:40098970-40099570	0.9120524613151701
chr17:68794599-68795199	0.43635408044688395
chr17:20008989-20009589	0.3732023139073087
chr17:15414850-15415450	0.34691669405649933
chr17:80414858-80415458	0.3874803769530822
chr17:59707304-59707904	0.7154081935959222
chr17:44014669-44015269	0.6995711233579284
chr17:82098093-82098693	0.5390346066672638
chr17:67717475-67718075	0.6277947854167664
chr17:59837479-59838079	0.9442636803457586
chr17:27293709-27294309	0.5179263848603013
chr17:75289203-75289803	0.4635976521414035
chr17:79838401-79839001	0.97690922112133
chr17:29566796-29567396	0.4663343886402856
chr17:47694332-47694932	0.6317317895915184
chr17:57987657-57988257	0.9687302455183607
chr17:45021775-45022375	0.36817244371854374
chr17:4948690-4949290	0.6704165023302535
chr17:20852485-20853085	0.5535714480522008
chr17:21511467-21512067	0.325126977399495
chr17:60392060-60392660	0.7218543854124692
chr17:17206228-17206828	0.3436534849787664
chr17:27245159-27245759	0.3331761668318486
chr17:56780114-56780714	0.7623575078506093
chr17:47295366-47295966	0.5702536584153941
chr17:82698435-82699035	0.574424643016769
chr17:47100039-47100639	0.9002393933405308
chr17:50707605-50708205	0.8448939206024201
chr17:31558849-31559449	0.555741087929208
chr17:68456534-68457134	0.5978014388140579
chr17:69326920-69327520	0.3977967383450684
chr17:4142823-4143423	0.7413882583037408
chr17:21275615-21276215	0.32278193013968154
chr17:4939945-4940545	0.7510200455446092
chr17:39730272-39730872	0.5894426531529919
chr17:38434054-38434654	0.7634328464231874
chr17:31416246-31416846	0.4208686620985669
chr17:76501158-76501758	0.4594549201113497
chr17:82519330-82519930	0.46331229635755317
chr17:70169152-70169752	0.7743658462902074
chr17:74203243-74203843	0.4253798164112582
chr17:19507579-19508179	0.34896625031733103
chr17:74748257-74748857	0.4551808384147665
chr17:66302214-66302814	0.3771848969501519
chr17:3048704-3049304	0.37468697828852837
chr17:75940848-75941448	0.41531013621306606
chr17:62065730-62066330	0.9452998447005722
chr17:20320557-20321157	0.3522922078067196
chr17:64662072-64662672	0.6187126511661072
chr17:49260012-49260612	0.47407850738727125
chr17:35448082-35448682	0.40561020241924783
chr17:2392449-2393049	0.4310266737904798
chr17:60421412-60422012	0.3361617102395446
chr17:61157424-61158024	0.9665605337521757
chr17:75632924-75633524	0.4987729493791269
chr17:67289451-67290051	0.7060855044501901
chr17:57604945-57605545	0.7651364690103846
chr17:75779608-75780208	0.8333481175437373
chr17:32444106-32444706	0.7927847050490341
chr17:64129938-64130538	0.6448226539239255
chr17:17681048-17681648	0.5422273845238907
chr17:30667904-30668504	0.556999703498554
chr17:1829587-1830187	0.4965447634879672
chr17:17752040-17752640	0.4609874517988519
chr17:56808365-56808965	0.38334790891992154
chr17:64506096-64506696	0.7903390087427004
chr17:39699643-39700243	0.7523358449819569
chr17:41811695-41812295	0.6245005850551165
chr17:81733619-81734219	0.3431126596594704
chr17:50918715-50919315	0.3333084481714991
chr17:64145553-64146153	0.5397012920627028
chr17:51119958-51120558	0.8332774070745397
chr17:55238241-55238841	0.6811197361075579
chr17:15699349-15699949	0.4608459559870332
chr17:47707362-47707962	0.3829033639283585
chr17:29572544-29573144	0.773236200866591
chr17:45490531-45491131	0.41614844871718554
chr17:62819660-62820260	0.7346824840516377
chr17:27893044-27893644	0.4271291137182655
chr17:76726402-76727002	0.7075266602849621
chr17:15944786-15945386	0.6034722630085266
chr17:57906783-57907383	0.5297153630022469
chr17:41967181-41967781	0.6852059816340546
chr17:19992643-19993243	0.3704292933535293
chr17:17496169-17496769	0.3572535440758874
chr17:3668285-3668885	0.6201750657156514
chr17:74982063-74982663	0.43529120023916507
chr17:29293955-29294555	0.9799941008020375
chr17:15260604-15261204	0.6170442161695594
chr17:16865600-16866200	0.34945058421045483
chr17:47649424-47650024	0.9132615814767728
chr17:1456053-1456653	0.8067183652136827
chr17:76569854-76570454	0.34903682210715953
chr17:15651546-15652146	0.48355869228967463
chr17:56593512-56594112	0.9438201881271807
chr17:82751463-82752063	0.3432799219181091
chr17:42422972-42423572	0.8601706419055023
chr17:10697283-10697883	0.4307643081371243
chr17:18625316-18625916	0.36185108892561474
chr17:82497033-82497633	0.32803974239240014
chr17:19464542-19465142	0.437757296981388
chr17:44689447-44690047	0.7388058313171618
chr17:46193802-46194402	0.8759937528613816
chr17:46372439-46373039	0.6751877615919952
chr17:63741620-63742220	0.6119815018181716
chr17:28571279-28571879	0.40967708883090237
chr17:83099756-83100356	0.3592014682206694
chr17:31901579-31902179	0.48586242446069455
chr17:30824453-30825053	0.6687519282816118
chr17:82738096-82738696	0.5509707409207243
chr17:4997327-4997927	0.4462031558168044
chr17:40598427-40599027	0.3841089816647447
chr17:1039395-1039995	0.3268027929558351
chr17:17535844-17536444	0.32577478547827726
chr17:80833062-80833662	0.5246634662068135
chr17:8435490-8436090	0.7015422110399138
chr17:2041651-2042251	0.5656763075243622
chr17:5468767-5469367	0.586510007700891
chr17:18225188-18225788	0.7090063876283914
chr17:62694414-62695014	0.41776776013578915
chr17:57898748-57899348	0.5812839263060917
chr17:65100507-65101107	0.5271008566470353
chr17:4795855-4796455	0.5798552162178745
chr17:714611-715211	0.5798783384239604
chr17:38869622-38870222	0.6778896911503625
chr17:77280914-77281514	0.35095851182687343
chr17:75896264-75896864	0.5900835261267319
chr17:76737171-76737771	0.6001827403479904
chr17:57955072-57955672	0.4874230169000366
chr17:68205133-68205733	0.5290446854595162
chr17:81393740-81394340	0.8367741706118678
chr17:68783825-68784425	0.4346507885524059
chr17:35809092-35809692	0.8520402452496477
chr17:15231681-15232281	0.6586340376300802
chr17:40287375-40287975	0.5028713209839407
chr17:10270016-10270616	0.6752672310024666
chr17:1399991-1400591	0.8854862633153278
chr17:75877121-75877721	0.4680246752334003
chr17:37489536-37490136	0.5043186294548757
chr17:16568948-16569548	0.6246138838624378
chr17:66540016-66540616	0.7642406415499527
chr17:4832989-4833589	0.8991461647073292
chr17:2336193-2336793	0.5857921030496304
chr17:40553712-40554312	0.41552595503128853
chr17:76353614-76354214	0.6346695977475406
chr17:68512094-68512694	0.6724057004043943
chr17:50935273-50935873	0.5475444171291693
chr17:80454454-80455054	0.3367068299314109
chr17:58517807-58518407	0.882965484013339
chr17:74872789-74873389	0.5384835746435178
chr17:2593593-2594193	0.9659068978479949
chr17:81927396-81927996	0.5092702740570292
chr17:4987383-4987983	0.796095870362207
chr17:15828627-15829227	0.35559498218720215
chr17:80035525-80036125	0.4229689018269092
chr17:29389951-29390551	0.8624207791292489
chr17:17063755-17064355	0.3510941360251354
chr17:40417788-40418388	0.6256127489831491
chr17:49315395-49315995	0.4511868063911461
chr17:1511593-1512193	0.4474763603577762
chr17:76279363-76279963	0.40953937605514334
chr17:41966444-41967044	0.6018772385772319
chr17:18314774-18315374	0.4560753865053454
chr17:5111710-5112310	0.3498527978587919
chr17:78127213-78127813	0.3350535565878412
chr17:80101111-80101711	0.33892450992770257
chr17:2399383-2399983	0.8475738015360236
chr17:48053273-48053873	0.8318050469295789
chr17:31023062-31023662	0.46016214891745316
chr17:34199847-34200447	0.3917339478458046
chr17:62703636-62704236	0.361307345033173
chr17:29615422-29616022	0.7326221859180276
chr17:43024826-43025426	0.6511382011563254
chr17:60525940-60526540	0.7270643706427845
chr17:31487675-31488275	0.5719084969702901
chr17:73232100-73232700	0.7476605102425543
chr17:50541897-50542497	0.680742941375739
chr17:74987283-74987883	0.40187142898740147
chr17:27353581-27354181	0.4639967610771099
chr17:3846033-3846633	0.8052084638497928
chr17:79918995-79919595	0.33062009137385845
chr17:55264625-55265225	0.7175744779939178
chr17:30708600-30709200	0.4205280093513033
chr17:5485997-5486597	0.7477744418075297
chr17:17021337-17021937	0.4642092088670993
chr17:7404252-7404852	0.8356491615328056
chr17:75855168-75855768	0.6843511123197461
chr17:57849868-57850468	0.5040943115544669
chr17:43778762-43779362	0.6402706572398011
chr17:63549915-63550515	0.6588008518348949
chr17:58518439-58519039	0.3648149863505144
chr17:30477085-30477685	0.5950413291261325
chr17:17972152-17972752	0.6460330675477229
chr17:81130262-81130862	0.3233045941909603
chr17:27494534-27495134	0.6390117426448342
chr17:57537668-57538268	0.7794858320812292
chr17:55527429-55528029	0.367560487822454
chr17:81128693-81129293	0.4398905569248001
chr17:44186475-44187075	0.7065436904040879
chr17:13017856-13018456	0.5120602267603132
chr17:6443948-6444548	0.4496639462187463
chr17:46579641-46580241	0.6423823973768278
chr17:36545171-36545771	0.918170850441787
chr17:32349802-32350402	0.7094583367980697
chr17:51260134-51260734	0.642548879766821
chr17:31500044-31500644	0.605912178309363
chr17:67377091-67377691	0.9043031532404113
chr17:81683546-81684146	0.6417597662997104
chr17:63848935-63849535	0.4244984874665482
chr17:81238817-81239417	0.6147438270332978
chr17:18038980-18039580	0.5659624638411872
chr17:57899402-57900002	0.3931122727725447
chr17:78822498-78823098	0.32227855370444625
chr17:38428088-38428688	0.5194686756887136
chr17:28951207-28951807	0.9720890539147563
chr17:73342074-73342674	0.4028424315870277
chr17:45161398-45161998	0.9215690562883944
chr17:74812983-74813583	0.33272392501136044
chr17:73262231-73262831	0.48590984187121194
chr17:50866200-50866800	0.6641487722999411
chr17:7685828-7686428	0.3979517683010355
chr17:65056535-65057135	0.7853740085709364
chr17:732154-732754	0.5475422795765479
chr17:8154234-8154834	0.9023843949725646
chr17:7687987-7688587	0.4817166356923749
chr17:19867580-19868180	0.4749089639361024
chr17:77924787-77925387	0.5875809475327259
chr17:61412247-61412847	0.3577628843320798
chr17:38464746-38465346	0.7414875041285267
chr17:28041360-28041960	0.9811037870477854
chr17:80859969-80860569	0.325683824801508
chr17:43483466-43484066	0.4692321675506369
chr17:75182778-75183378	0.9398454062717859
chr17:73310885-73311485	0.5211936187106403
chr17:28719614-28720214	0.5415655343220191
chr17:50546849-50547449	0.352396561707356
chr17:55421696-55422296	0.77929890658842
chr17:21043102-21043702	0.3756133119212643
chr17:28812246-28812846	0.852967849587262
chr17:59565225-59565825	0.7607923788614797
chr17:57084804-57085404	0.6258956340761628
chr17:54968453-54969053	0.4691010875323103
chr17:36948642-36949242	0.743091826941446
chr17:21284269-21284869	0.456330106588055
chr17:7239342-7239942	0.8233067586363064
chr17:49764083-49764683	0.7637194507570193
chr17:78313980-78314580	0.489020506781734
chr17:1628660-1629260	0.6103329452136844
chr17:47650299-47650899	0.9336278736046324
chr17:17009934-17010534	0.32535988415338063
chr17:39401467-39402067	0.7384643614760783
chr17:49788276-49788876	0.924915027671648
chr17:18258456-18259056	0.50020091770944
chr17:59106701-59107301	0.5400035047042806
chr17:7307227-7307827	0.9560855725127482
chr17:15341353-15341953	0.4608438121595642
chr17:58692277-58692877	0.5672379712634692
chr17:54900487-54901087	0.5903360338584205
chr17:78821809-78822409	0.4595084923704467
chr17:81222816-81223416	0.4004039406478533
chr17:16589141-16589741	0.3484136672344623
chr17:57440727-57441327	0.5203085961172488
chr17:75516159-75516759	0.4263882331453466
chr17:8189882-8190482	0.6617928925498856
chr17:57861282-57861882	0.5410620871264968
chr17:29761133-29761733	0.7310321415015367
chr17:8630716-8631316	0.7877697680737648
chr17:75764849-75765449	0.5929167844714822
chr17:16653576-16654176	0.5889476997076335
chr17:10729478-10730078	0.4450691687978206
chr17:5446667-5447267	0.33455970511156496
chr17:47530758-47531358	0.6086058202473626
chr17:57256094-57256694	0.9189948803473835
chr17:35763954-35764554	0.7694102707028259
chr17:56592366-56592966	0.6640178889587124
chr17:78341711-78342311	0.4964412299134522
chr17:42112545-42113145	0.40569133213308467
chr17:28598798-28599398	0.49029693674976327
chr17:68035351-68035951	0.6060605079465424
chr17:81860333-81860933	0.7121064723704174
chr17:28711088-28711688	0.46878092643286867
chr17:18362429-18363029	0.3776025317505538
chr17:21253100-21253700	0.6743224071649415
chr17:78840670-78841270	0.4622097203136256
chr17:15247786-15248386	0.4337626319433343
chr17:77734415-77735015	0.4973191171350556
chr17:39687558-39688158	0.7908889218260436
chr17:72716145-72716745	0.689937865642553
chr17:19744720-19745320	0.4884750481577538
chr17:28726696-28727296	0.46352255619500443
chr17:30731283-30731883	0.9710881038138967
chr17:44070493-44071093	0.6692639694751553
chr17:78852617-78853217	0.7627465158806681
chr17:75012092-75012692	0.37149437524910717
chr17:82583501-82584101	0.5260856068462698
chr17:81034816-81035416	0.5308028352398764
chr17:29140182-29140782	0.9003834297900862
chr17:82648238-82648838	0.5051145119743907
chr17:40121934-40122534	0.8571634589304434
chr17:14069182-14069782	0.598361432883919
chr17:50150853-50151453	0.862303005679269
chr17:28728702-28729302	0.6402487967816258
chr17:71975939-71976539	0.5293972343198137
chr17:2711635-2712235	0.8246308127614819
chr17:50095011-50095611	0.7361565195874002
chr17:34980481-34981081	0.5558475977220112
chr17:44326630-44327230	0.4448837776387295
chr17:77779009-77779609	0.3545043569748017
chr17:41665739-41666339	0.33856116453449353
chr17:73348979-73349579	0.5575851053183294
chr17:65561341-65561941	0.845896467186492
chr17:40542398-40542998	0.5947003079485954
chr17:44138020-44138620	0.7772486782055021
chr17:28552335-28552935	0.7816611822244321
chr17:39754210-39754810	0.5846569459000659
chr17:68019760-68020360	0.589728682977416
chr17:21322855-21323455	0.35839356335307315
chr17:55273402-55274002	0.7738649456247724
chr17:31936677-31937277	0.9769286763089947
chr17:57662806-57663406	0.8838630175258233
chr17:35795294-35795894	0.40038529757084945
chr17:32007032-32007632	0.564017864946249
chr17:75904667-75905267	0.5623516185157407
chr17:75589226-75589826	0.4189435027951457
chr17:50898919-50899519	0.3938164939495475
chr17:64919238-64919838	0.7446322012956749
chr17:19648399-19648999	0.3552016303624669
chr17:21213947-21214547	0.5685739671057133
chr17:51120606-51121206	0.7172333748093681
chr17:21551413-21552013	0.33074422168591494
chr17:28854694-28855294	0.5342073054262173
chr17:81939793-81940393	0.33786206752540743
chr17:30378557-30379157	0.7259637568948274
chr17:68101342-68101942	0.7679158940898382
chr17:51046612-51047212	0.9227931677916222
chr17:41786538-41787138	0.9409930760596691
chr17:73267493-73268093	0.40647793249323094
chr17:72540140-72540740	0.49789072368953596
chr17:67244926-67245526	0.8714427099734421
chr17:58007366-58007966	0.5640114998517096
chr17:83151206-83151806	0.36428731408233495
chr17:5419390-5419990	0.7257491418816143
chr17:58219033-58219633	0.5845668486600621
chr17:32142088-32142688	0.6799886433803471
chr17:7856980-7857580	0.9222566561355047
chr17:42535848-42536448	0.5290081390969007
chr17:3502400-3503000	0.3980034495048301
chr17:30970704-30971304	0.5033329130801453
chr17:46590370-46590970	0.6763126355686438
chr17:80146925-80147525	0.4092264452691627
chr17:21512821-21513421	0.35043393204560047
chr17:66459672-66460272	0.42998167444836
chr17:5500743-5501343	0.6519296085519324
chr17:79831722-79832322	0.5927147601045921
chr17:19378070-19378670	0.5160691539658696
chr17:17280542-17281142	0.511111632190856
chr17:17848932-17849532	0.35170375860902736
chr17:76072254-76072854	0.7174258226706743
chr17:75261358-75261958	0.6256147698956069
chr17:50372659-50373259	0.45316810199408813
chr17:79991456-79992056	0.40035629780214893
chr17:27540314-27540914	0.7350153565662175
chr17:75693528-75694128	0.48503912710286606
chr17:58083029-58083629	0.7186660740572269
chr17:64202572-64203172	0.7388807495221725
chr17:60599782-60600382	0.7191194210706329
chr17:42388223-42388823	0.784612384343622
chr17:7931710-7932310	0.7490335474403241
chr17:17823451-17824051	0.5594488022460404
chr17:49414692-49415292	0.5803785328670829
chr17:46266572-46267172	0.7422987331369139
chr17:64975379-64975979	0.35553171645657744
chr17:66680054-66680654	0.402587158063826
chr17:1716058-1716658	0.8697347696289326
chr17:75666995-75667595	0.6490636749172829
chr17:82037159-82037759	0.41123046262514784
chr17:30116496-30117096	0.7316475313311336
chr17:36601221-36601821	0.36430529754600505
chr17:2401421-2402021	0.7913964681049195
chr17:39632485-39633085	0.6542734183623015
chr17:75405451-75406051	0.7010270796843626
chr17:59155294-59155894	0.7600598858953168
chr17:75033617-75034217	0.47130636347639976
chr17:7583483-7584083	0.6419878555916643
chr17:29639236-29639836	0.8479045730008418
chr17:39952895-39953495	0.33353664723799387
chr17:44503250-44503850	0.7891154117714454
chr17:46361500-46362100	0.5136941889320767
chr17:15999441-16000041	0.45439781105730576
chr17:73630507-73631107	0.5267846901959798
chr17:2303518-2304118	0.8712202228808179
chr17:56960782-56961382	0.8065245616155899
chr17:48026427-48027027	0.5302483892455846
chr17:81346009-81346609	0.38555515096631676
chr17:27520347-27520947	0.4483917026514984
chr17:47323555-47324155	0.4274542758534064
chr17:28902552-28903152	0.7419371072825024
chr17:17042084-17042684	0.4567796682603142
chr17:77386058-77386658	0.3500137431784581
chr17:67993440-67994040	0.5689083400048153
chr17:81487681-81488281	0.3316157054770011
chr17:45197699-45198299	0.5635467911099132
chr17:65930123-65930723	0.39933967739904036
chr17:19362488-19363088	0.5453118720639586
chr17:75393676-75394276	0.8128172910867995
chr17:19317151-19317751	0.7004028179509478
chr17:45051279-45051879	0.3556760487773505
chr17:75154341-75154941	0.6558662196357244
chr17:44123477-44124077	0.8626223334227541
chr17:51153249-51153849	0.5411049369746286
chr17:8248966-8249566	0.3697373631304241
chr17:7887454-7888054	0.936347933547116
chr17:42833134-42833734	0.8839134917550712
chr17:29589439-29590039	0.5240178832036486
chr17:40331912-40332512	0.8352731725546183
chr17:75878316-75878916	0.5662400994194302
chr17:79777892-79778492	0.6395529332964196
chr17:7394471-7395071	0.4976577663057547
chr17:72592545-72593145	0.40777541214736684
chr17:35022384-35022984	0.44312865667401896
chr17:16285931-16286531	0.6968604139288446
chr17:18087571-18088171	0.59671806106352
chr17:17028009-17028609	0.3562437464856783
chr17:29180133-29180733	0.6207561727645713
chr17:18183132-18183732	0.6915910921714886
chr17:4789806-4790406	0.7635200992203403
chr17:17839872-17840472	0.45031526632363067
chr17:50345719-50346319	0.7078229587270323
chr17:41918797-41919397	0.7055498292503796
chr17:68247635-68248235	0.33902504326187655
chr17:44200001-44200601	0.922607932037588
chr17:78186940-78187540	0.5017561475834389
chr17:35432305-35432905	0.4130240508289721
chr17:61399407-61400007	0.9422926282710254
chr17:42609170-42609770	0.7142226959923075
chr17:78883564-78884164	0.629041924198733
chr17:58352017-58352617	0.6011802839236002
chr17:17476700-17477300	0.6582750600411061
chr17:42183981-42184581	0.8335014408162725
chr17:9239800-9240400	0.8535727911702636
chr17:73043006-73043606	0.3250929007322124
chr17:18857706-18858306	0.5047198089977933
chr17:49192227-49192827	0.5936558836158146
chr17:3004055-3004655	0.628606929629495
chr17:83079209-83079809	0.3693393433280804
chr17:7329115-7329715	0.870704343136535
chr17:31094608-31095208	0.9439097908072916
chr17:7251727-7252327	0.6874535424335712
chr17:42520009-42520609	0.7350019123502269
chr17:81395107-81395707	0.9779541399491192
chr17:39153528-39154128	0.4959214098841693
chr17:45316831-45317431	0.6903050561125755
chr17:82418042-82418642	0.3645091366117043
chr17:48054220-48054820	0.9871991960278146
chr17:59619324-59619924	0.8715016624167986
chr17:35242722-35243322	0.33007419831584917
chr17:3892801-3893401	0.3564159159548499
chr17:78782081-78782681	0.35355918671943315
chr17:35089061-35089661	0.5830574082210722
chr17:41651457-41652057	0.41816866804967917
chr17:66309713-66310313	0.3772315170479012
chr17:7351400-7352000	0.41321023209167046
chr17:81967761-81968361	0.5930292380349034
chr17:81101617-81102217	0.32258580948499077
chr17:79811193-79811793	0.6142369258878236
chr17:48047881-48048481	0.7904819453843374
chr17:15377441-15378041	0.8072626462661184
chr17:38702044-38702644	0.8534724706361312
chr17:81832896-81833496	0.3531313749080952
chr17:45172389-45172989	0.6515829810009116
chr17:7627575-7628175	0.4694964893324052
chr17:28749933-28750533	0.6629564211580398
chr17:65106365-65106965	0.37037697767187777
chr17:32127253-32127853	0.377906749147397
chr17:1648837-1649437	0.7495327782838406
chr17:47067214-47067814	0.6918854683713697
chr17:63827073-63827673	0.5370980778891399
chr17:2511653-2512253	0.4770761077306931
chr17:68457413-68458013	0.5554683995392432
chr17:49361958-49362558	0.8315042560094145
chr17:6640718-6641318	0.6402487967816256
chr17:45148241-45148841	0.971403522195549
chr17:76370522-76371122	0.4235165191884605
chr17:56977793-56978393	0.4508214917992847
chr17:76384247-76384847	0.36571517643522117
chr17:5191627-5192227	0.3279769822307536
chr17:55587638-55588238	0.7669919760605699
chr17:82292612-82293212	0.352843670723884
chr17:34638114-34638714	0.7198734292690374
chr17:50944503-50945103	0.5993314806840271
chr17:32936634-32937234	0.5530383132866622
chr17:51166023-51166623	0.35894928416847205
chr17:44210257-44210857	0.7938471676831663
chr17:63842708-63843308	0.6337408314386309
chr17:79839209-79839809	0.703640808813953
chr17:17237396-17237996	0.35963254541958456
chr17:30600064-30600664	0.4056081222379234
chr17:5281762-5282362	0.66665567579648
chr17:48830689-48831289	0.45921492791054314
chr17:1684656-1685256	0.4938034080989766
chr17:28357236-28357836	0.8329138887221088
chr17:78925691-78926291	0.46515357737470936
chr17:82241881-82242481	0.3222653621084182
chr17:51371747-51372347	0.41730191995924765
chr17:82450535-82451135	0.3266073051153579
chr17:76671494-76672094	0.38399264147769085
chr17:4703869-4704469	0.8466317309110607
chr17:81387255-81387855	0.5141899259310606
chr17:3659357-3659957	0.5508106376955351
chr17:15502668-15503268	0.5004015238043608
chr17:39636771-39637371	0.532895279684941
chr17:75784780-75785380	0.9512718867038086
chr17:81165181-81165781	0.32850207455240393
chr17:58631454-58632054	0.5849858574923116
chr17:75270919-75271519	0.3523906545065572
chr17:35119576-35120176	0.3893455282407867
chr17:62705680-62706280	0.8578992342989827
chr17:82212581-82213181	0.32606670624827555
chr17:34252250-34252850	0.5233571535067788
chr17:38257165-38257765	0.598191387678393
chr17:77140617-77141217	0.6060914074950128
chr17:35567742-35568342	0.3719316424011553
chr17:42287107-42287707	0.6432956445004782
chr17:45060970-45061570	0.8746964068345645
chr17:10123862-10124462	0.8175153400728292
chr17:77489759-77490359	0.3276423652369202
chr17:8383293-8383893	0.3395395369402952
chr17:21456847-21457447	0.35941995825531065
chr17:38351626-38352226	0.566034525915347
chr17:79796854-79797454	0.9003075626847398
chr17:37517453-37518053	0.4024107803611109
chr17:10131837-10132437	0.37135739470137824
chr17:9332611-9333211	0.38165438744089614
chr17:941243-941843	0.548602288822246
chr17:81844563-81845163	0.36104655366345473
chr17:32509191-32509791	0.33218776642962566
chr17:10150233-10150833	0.3480983680530159
chr17:7976453-7977053	0.3825201520507962
chr17:73036663-73037263	0.37330929181197736
chr17:82032123-82032723	0.5350574011516115
chr17:32393692-32394292	0.4835263715098323
chr17:17117779-17118379	0.34281907247868665
chr17:36167573-36168173	0.542634273596604
chr17:54443463-54444063	0.49622553595705965
chr17:42156834-42157434	0.628044753036744
chr17:28659737-28660337	0.42556331073980785
chr17:60164828-60165428	0.33079388041056373
chr17:71708154-71708754	0.32478818623970546
chr17:10377666-10378266	0.3710975913773061
chr17:75458493-75459093	0.341188071669377
chr17:73035623-73036223	0.34905054516831663
chr17:33003418-33004018	0.36185308131291194
chr17:72860322-72860922	0.3464906579142541
chr17:82192714-82193314	0.3284735258915802
chr17:20026206-20026806	0.6546129357094811
chr17:53057635-53058235	0.38093993383926866
chr17:38140356-38140956	0.6390037813204649
chr17:38313174-38313774	0.4813590526748285
chr17:67991556-67992156	0.7600661799149978
chr17:53138758-53139358	0.3390521124104195
chr17:42720911-42721511	0.3923940955541725
chr17:72154021-72154621	0.32309321108600636
chr17:37480242-37480842	0.3464945653856376
chr17:40625808-40626408	0.35310575309138814
chr17:40476998-40477598	0.35495069897629367
chr17:21113584-21114184	0.44963191851577766
chr17:75111420-75112020	0.36338662902354657
chr17:51336263-51336863	0.337616971788214
chr17:69205453-69206053	0.47051310441293953
chr17:34804527-34805127	0.37214531462936923
chr17:58721726-58722326	0.7100004836136705
chr17:69982627-69983227	0.3286791045307924
chr17:18308286-18308886	0.5809352777627639
chr17:16283720-16284320	0.3658012438427651
chr17:72297523-72298123	0.4029399890377598
chr17:43487969-43488569	0.38316027894141247
chr17:74818902-74819502	0.3237691354449937
chr17:31164775-31165375	0.536787012268234
chr17:69618987-69619587	0.4186830799174065
chr17:63972668-63973268	0.6589443581765696
chr17:6644810-6645410	0.37791689138451295
chr17:46252685-46253285	1.505888722657837e-13
chr17:52555139-52555739	0.37117210099176584
chr17:34333901-34334501	0.41820645553120467
chr17:6053797-6054397	0.33381672913597354
chr17:73172633-73173233	0.3482217301620664
chr17:6621219-6621819	0.33074995134632384
chr17:50387740-50388340	0.4830609676952211
chr17:28151859-28152459	0.7539240029993293
chr17:79472595-79473195	0.3591478477701636
chr17:38385896-38386496	0.6304622496265656
chr17:5556545-5557145	0.3437624773482205
chr17:68467070-68467670	0.3368205316127274
chr17:3645922-3646522	0.3625367499846154
chr17:4864542-4865142	0.41413732278658866
chr17:65358081-65358681	0.6800261929432783
chr17:833825-834425	0.3389496418993394
chr17:10252450-10253050	0.34774797421942943
chr17:46289747-46290347	0.3802544615646604
chr17:45146134-45146734	0.35247139015735224
chr17:27264566-27265166	0.36708726694994626
chr17:74311823-74312423	0.6639678386696092
chr17:62954307-62954907	0.3474955578880551
chr17:58011062-58011662	0.41915355415565847
chr17:7647816-7648416	0.443709991933063
chr17:1435991-1436591	0.8446948108928496
chr17:14932392-14932992	0.3302268496218073
chr17:34474764-34475364	0.324069572732563
chr17:57059509-57060109	0.5354008166888752
chr17:21694512-21695112	0.3443583332137204
chr17:74063155-74063755	0.3250020386709607
chr17:53186263-53186863	0.34178178928630054
chr17:22334252-22334852	0.6021790553169751
chr17:14124540-14125140	0.7057792180339623
chr17:81189040-81189640	0.325278451645755
chr17:44115640-44116240	0.4358066553062222
chr17:41824307-41824907	0.3246860170648569
chr17:61878058-61878658	0.5417133389183857
chr17:12564206-12564806	0.33748577526620266
chr17:56383842-56384442	0.5922418589942547
chr17:51639357-51639957	0.36805202533972226
chr17:60865898-60866498	0.5186221830157209
chr17:73980382-73980982	0.3409340504936807
chr17:8453910-8454510	0.4235944646577819
chr17:11432740-11433340	0.38442949598216236
chr17:66592644-66593244	0.33511699562225544
chr17:52141316-52141916	0.34458823866443744
chr17:5866994-5867594	0.35482230037517287
chr17:1518387-1518987	0.6729015623655338
chr17:80085036-80085636	0.3249320081536062
chr17:9887944-9888544	0.4100548283277532
chr17:72671754-72672354	0.5391010671448068
chr17:15469569-15470169	0.3746768705253214
chr17:72183719-72184319	0.33228730591053823
chr17:40697929-40698529	0.6306732956480049
chr17:78025357-78025957	0.3702079785758523
chr17:55859203-55859803	0.833362496397572
chr17:81276694-81277294	0.5538123846096068
chr17:55191853-55192453	0.38701562516579696
chr17:52248901-52249501	0.3694297867910884
chr17:48089849-48090449	0.404878188408986
chr17:78327451-78328051	0.3607241615925811
chr17:40769317-40769917	0.43259955811796974
chr17:75337361-75337961	0.36880089250360076
chr17:35513445-35514045	0.6397239713644907
chr17:20841318-20841918	0.7068799046246309
chr17:75822594-75823194	0.5142136344000702
chr17:72914091-72914691	0.33866937519722545
chr17:59973370-59973970	0.8874401155814184
chr17:6897948-6898548	0.41021346884008775
chr17:36441012-36441612	0.4791988950438784
chr17:68358814-68359414	0.33103267689812343
chr17:36864703-36865303	0.3457603251182166
chr17:28416753-28417353	0.8798112864675749
chr17:54274569-54275169	0.3688169609389382
chr17:56235741-56236341	0.4555595953418862
chr17:43930027-43930627	0.5484676747970841
chr17:38281007-38281607	0.39235706748846516
chr17:67348175-67348775	0.5829735044760197
chr17:54289705-54290305	0.6940864771484404
chr17:31789835-31790435	0.333833998297981
chr17:71831698-71832298	0.32781915809521445
chr17:17708959-17709559	0.3319887324381481
chr17:41639790-41640390	0.3508150515558933
chr17:75005156-75005756	0.7131807530795982
chr17:8087845-8088445	0.398077874433249
chr17:19619901-19620501	0.3986424166192478
chr17:48182961-48183561	0.6419640579713031
chr17:70695076-70695676	0.5187148071031366
chr17:11815146-11815746	0.35460110876546813
chr17:870074-870674	0.39351374814217205
chr17:53140970-53141570	0.3489936941156186
chr17:61673869-61674469	0.6530936448504857
chr17:46364522-46365122	0.47175572652533065
chr17:43983333-43983933	0.3390269767375774
chr17:64394874-64395474	0.45136414182458384
chr17:52124019-52124619	0.3491191642271576
chr17:73718281-73718881	0.3822939625081966
chr17:62974287-62974887	0.3892532188440774
chr17:36731248-36731848	0.3569801791497608
chr17:17462876-17463476	0.3658612959473766
chr17:20335084-20335684	0.34315738877604635
chr17:71193163-71193763	0.33042534980972926
chr17:62870285-62870885	0.9383227901574046
chr17:44169732-44170332	0.3358036710645556
chr17:66401164-66401764	0.32582406132644687
chr17:53572294-53572894	0.42844070167734927
chr17:16075463-16076063	0.7416892274517325
chr17:31703251-31703851	0.7404027283893987
chr17:44484113-44484713	0.41015919498198217
chr17:63015975-63016575	0.4085236625910673
chr17:1892166-1892766	0.33457123059174293
chr17:53384659-53385259	0.42994783869280356
chr17:3813881-3814481	0.6404037947309685
chr17:40201522-40202122	0.3982494831926684
chr17:28217356-28217956	0.38035613359377185
chr17:53301546-53302146	0.38241825856365064
chr17:78212169-78212769	0.41416453783230084
chr17:32939526-32940126	0.37104523693817165
chr17:71781254-71781854	0.47604514911209295
chr17:15754783-15755383	0.8009637727723128
chr17:61270313-61270913	0.5964024167987194
chr17:13090726-13091326	0.3686884216068567
chr17:4575900-4576500	0.5621031520581892
chr17:77962668-77963268	0.3623612949459869
chr17:81574090-81574690	0.798326275750203
chr17:55431256-55431856	0.39500148520919803
chr17:50713069-50713669	0.4015935482201211
chr17:6435010-6435610	0.5031732977243335
chr17:79665723-79666323	0.345906724068644
chr17:70607554-70608154	0.394193495525951
chr17:3456627-3457227	0.5119351895717945
chr17:74066378-74066978	0.7085148236801619
chr17:59209141-59209741	0.44093675555533146
chr17:65896611-65897211	0.4506185621291167
chr17:73107992-73108592	0.34062004374854815
chr17:15857027-15857627	0.6010954631797972
chr17:70344849-70345449	0.38104167646161813
chr17:31769754-31770354	0.5677441143481844
chr17:14051096-14051696	0.3382385651438484
chr17:73371727-73372327	0.32819381611589593
chr17:42375184-42375784	0.37018182679380907
chr17:56109534-56110134	0.3308798371121221
chr17:36873435-36874035	0.4200949429705284
chr17:61017406-61018006	0.3758764113135475
chr17:35525505-35526105	0.5578021955931408
chr17:78440872-78441472	0.5995034380652425
chr17:49225632-49226232	0.6732509036172281
chr17:5758342-5758942	0.3449390820276606
chr17:64644937-64645537	0.5363664918921587
chr17:48260733-48261333	0.5221883025483534
chr17:57707733-57708333	0.5139269731988378
chr17:34109352-34109952	0.35115114467845976
chr17:14470828-14471428	0.4952010102200194
chr17:20882801-20883401	0.5724365249898067
chr17:71089438-71090038	0.4134278236605881
chr17:57718050-57718650	0.335655505740163
chr17:54156330-54156930	0.3334791107032439
chr17:1075307-1075907	0.36551505284282515
chr17:8108601-8109201	0.38792894401782513
chr17:41285497-41286097	0.3860315232166283
chr17:64797172-64797772	0.6553947861009194
chr17:28606603-28607203	0.519096060081836
chr17:73474128-73474728	0.3795308608236577
chr17:54689033-54689633	0.3842008385497822
chr17:55226239-55226839	0.552007952426531
chr17:41245096-41245696	0.6176740253242111
chr17:63191141-63191741	0.5069283306433063
chr17:39447967-39448567	0.3884842831430078
chr17:7004597-7005197	0.3379566553155035
chr17:10665672-10666272	0.32892664736640137
chr17:58409553-58410153	0.3441265531923532
chr17:80663517-80664117	0.32694707500401654
chr17:55270093-55270693	0.4052186977441781
chr17:2424169-2424769	0.34463305922045273
chr17:82599641-82600241	0.32790662208752364
chr17:71900250-71900850	0.3352227405829119
chr17:70621862-70622462	0.3617933117603777
chr17:79673484-79674084	0.45349311796600317
chr17:81417465-81418065	0.5099451830645855
chr17:30419041-30419641	0.3844233705633277
chr17:12015973-12016573	0.33408157191053095
chr17:41134193-41134793	0.40788376743437654
chr17:68688476-68689076	0.33040053398100877
chr17:46817064-46817664	0.7778426570414393
chr17:36496757-36497357	0.40100896109788686
chr17:28158792-28159392	0.5060138925208727
chr17:35589284-35589884	0.4927638952773637
chr17:41039928-41040528	0.36170167341917686
chr17:71742559-71743159	0.3422633363237333
chr17:53548031-53548631	0.34014348623299356
chr17:44665730-44666330	0.6629390695242185
chr17:53059567-53060167	0.4889773865541398
chr17:40919459-40920059	0.5076831387761375
chr17:45658632-45659232	0.5795398784711233
chr17:56316243-56316843	0.41712779234322916
chr17:67926067-67926667	0.3641894107641103
chr17:45041098-45041698	0.3459711488585752
chr17:3236918-3237518	0.39912859383930266
chr17:32175802-32176402	0.6823889680223142
chr17:8765211-8765811	0.3316845560993057
chr17:40513310-40513910	0.4090804360478158
chr17:40772551-40773151	0.3511059305704409
chr17:69581491-69582091	0.780093295713749
chr17:29012890-29013490	0.3562101085137743
chr17:2457631-2458231	0.4147613067790707
chr17:74014594-74015194	0.32770509259174446
chr17:64639292-64639892	0.43551178946749564
chr17:9224115-9224715	0.32347828432772396
chr17:48984455-48985055	0.35910813118651275
chr17:76600786-76601386	0.4937732139815323
chr17:19789616-19790216	0.6404157164373215
chr17:80689636-80690236	0.3382385651438485
chr17:45790353-45790953	0.3950282906426246
chr17:43965215-43965815	0.44442356256848853
chr17:50126010-50126610	0.3973813592567378
chr17:46828539-46829139	0.3511334518832489
chr17:41186371-41186971	0.34816102562706414
chr17:50115664-50116264	0.8023028766971142
chr17:69074231-69074831	0.5714289055824128
chr17:40233144-40233744	0.39857416090234493
chr17:10403912-10404512	0.6492405347368562
chr17:52781063-52781663	0.36799583572508354
chr17:34993400-34994000	0.33891484402656613
chr17:16938519-16939119	0.3310900010116901
chr17:5893890-5894490	0.391265298152738
chr17:33701011-33701611	0.3482824396260978
chr17:43052366-43052966	0.3507030533736337
chr17:11987145-11987745	0.3558105189316462
chr17:78277930-78278530	0.38878358969136023
chr17:58696554-58697154	0.7296574480099096
chr17:69323508-69324108	0.38319290774353
chr17:60511118-60511718	0.37199211059844517
chr17:69131225-69131825	0.3575666412214968
chr17:71658511-71659111	0.4718718373676453
chr17:63538189-63538789	0.8762175873734486
chr17:51159345-51159945	0.41875868189766646
chr17:76979300-76979900	0.36578322902483096
chr17:56153322-56153922	0.8434023474745663
chr17:70468620-70469220	0.48054702298220664
chr17:12917984-12918584	0.5462401872099767
chr17:41254070-41254670	0.3285439482140652
chr17:65807468-65808068	0.5288125032890622
chr17:65051523-65052123	0.35843721338814105
chr17:52270855-52271455	0.3397156350103486
chr17:1432092-1432692	0.33495360414173475
chr17:14028280-14028880	0.8709178899197655
chr17:64307490-64308090	0.418676779924727
chr17:8816686-8817286	0.38333975037178936
chr17:38923638-38924238	0.33054753380554347
chr17:5465202-5465802	0.38149964738556036
chr17:67153883-67154483	0.38346009561665867
chr17:68344053-68344653	0.33378411082382275
chr17:3565103-3565703	0.36085549137457296
chr17:887540-888140	0.5278019369867829
chr17:75570072-75570672	0.8472357400721354
chr17:30045010-30045610	0.5635828683971948
chr17:38168940-38169540	0.4527212702737333
chr17:14730003-14730603	0.3429551575591674
chr17:40974890-40975490	0.39231592664526826
chr17:10692505-10693105	0.721798945858796
chr17:18709520-18710120	0.35332455114847205
chr17:30996443-30997043	0.33761118317907646
chr17:46278982-46279582	0.28219700310104334
chr17:81176370-81176970	0.36863419966578054
chr17:48019657-48020257	0.33686678855006885
chr17:78961163-78961763	0.34053865741674083
chr17:45405715-45406315	0.7252284813852364
chr17:63933541-63934141	0.5519076655787318
chr17:81350381-81350981	0.34217399252822744
chr17:73837791-73838391	0.497114203206368
chr17:80603468-80604068	0.32526519619009603
chr17:65672251-65672851	0.3319064570685143
chr17:54774561-54775161	0.35740413257244436
chr17:69417209-69417809	0.9732618514245717
chr17:56028429-56029029	0.33497859086583337
chr17:80498024-80498624	0.36895154550607284
chr17:40495952-40496552	0.779356776613388
chr17:75521440-75522040	0.6080630912999583
chr17:8111543-8112143	0.4409941841661214
chr17:14516450-14517050	0.348517490443297
chr17:30927521-30928121	0.35724561914619013
chr17:48338703-48339303	0.9181578841973776
chr17:57032039-57032639	0.4245174584131709
chr17:15936082-15936682	0.6048980713068497
chr17:19927082-19927682	0.35409773482522927
chr17:70014211-70014811	0.34834707124427017
chr17:40472772-40473372	0.3779736898864503
chr17:16592670-16593270	0.8594592920033697
chr17:55378350-55378950	0.33657388075818767
chr17:62931807-62932407	0.40964370261384714
chr17:26645117-26645717	1.505888722657837e-13
chr17:67389881-67390481	0.4244015283257109
chr17:6919690-6920290	0.339500840013488
chr17:62137146-62137746	0.920274685245367
chr17:45753170-45753770	0.34757381735872395
chr17:40909277-40909877	0.3570395983939908
chr17:49894385-49894985	0.6004953386207172
chr17:42760127-42760727	0.3558678734196107
chr17:21279523-21280123	0.3436087250253205
chr17:13517582-13518182	0.3307002959574465
chr17:64694542-64695142	0.3701194679256843
chr17:62072409-62073009	0.7215753863028523
chr17:42421029-42421629	0.3417410280839479
chr17:11791980-11792580	0.33590374905412446
chr17:73177438-73178038	0.3480846624092033
chr17:63066378-63066978	0.4071587915973211
chr17:35146181-35146781	0.3703166172044673
chr17:28345338-28345938	0.3658813142423975
chr17:40904946-40905546	0.3305169856622086
chr17:8099719-8100319	0.41999825560376225
chr17:53359097-53359697	0.384098775854338
chr17:57680342-57680942	0.9701759398015004
chr17:20772658-20773258	0.3883469582715799
chr17:61822449-61823049	0.3858842947092278
chr17:8160396-8160996	0.9503998796516903
chr17:46099120-46099720	0.32715303485123487
chr17:48209081-48209681	0.49548355997454596
chr17:75562099-75562699	0.3481355703538683
chr17:38560428-38561028	0.3381439387519111
chr17:68766317-68766917	0.47565563286306345
chr17:16267924-16268524	0.39076398282746383
chr17:52435508-52436108	0.35550008548374096
chr17:28434172-28434772	0.5203839680487179
chr17:62262798-62263398	0.5745385393015026
chr17:41139304-41139904	0.3723993673778546
chr17:45217779-45218379	0.3297804453762751
chr17:51878702-51879302	0.4021161821828296
chr17:78578048-78578648	0.35632092131051085
chr17:31805386-31805986	0.3468111392804551
chr17:74153273-74153873	0.33227199116896555
chr17:13705989-13706589	0.33029937152839467
chr17:9781087-9781687	0.5390560456827337
chr17:45207632-45208232	0.4402200948561441
chr17:78863966-78864566	0.3548618054109868
chr17:31668550-31669150	0.4881624458201871
chr17:35825199-35825799	0.40996925371454357
chr17:27954278-27954878	0.35280820772623156
chr17:61323160-61323760	0.6865555677320769
chr17:12434709-12435309	0.3429882106900937
chr17:74098769-74099369	0.35668116911569303
chr17:35099623-35100223	0.8993501947743983
chr17:26669938-26670538	1.505888722657837e-13
chr17:52580071-52580671	0.4500269559545383
chr17:2929278-2929878	0.3292333513445007
chr17:22716236-22716836	0.3427549270432697
chr17:62489672-62490272	0.3704916737180911
chr17:27472597-27473197	0.37999219625873154
chr17:54129567-54130167	0.5679918400181362
chr17:51289143-51289743	0.3426266534052401
chr17:27805931-27806531	0.3311989306368106
chr17:82300496-82301096	0.35879642312341775
chr17:14897814-14898414	0.3423060699201182
chr17:45355945-45356545	0.501725949171266
chr17:30629201-30629801	0.5315161963193117
chr17:38510365-38510965	0.8183748942917819
chr17:45195993-45196593	0.3830766724410656
chr17:4963596-4964196	0.3783490498011872
chr17:55824126-55824726	0.3269166971137421
chr17:53187693-53188293	0.3358306136885144
chr17:80199337-80199937	0.3440058232396162
chr17:77047732-77048332	0.345176971983861
chr17:66853741-66854341	0.3916496583730448
chr17:82531818-82532418	0.33548813709373776
chr17:11015431-11016031	0.3453681200888309
chr17:58643706-58644306	0.3892532188440773
chr17:72403368-72403968	0.3549388459222678
chr17:33124528-33125128	0.33203083078019846
chr17:17773763-17774363	0.3822817374982967
chr17:18263027-18263627	0.5260468853694598
chr17:4158667-4159267	0.3429396036714991
chr17:15195461-15196061	0.3374047546168742
chr17:35653357-35653957	0.7454123897099659
chr17:4094408-4095008	0.32545079802245724
chr17:48545241-48545841	0.4736246134759818
chr17:13751568-13752168	0.587898723756776
chr17:902809-903409	0.3879125546582218
chr17:61637297-61637897	0.590333947212661
chr17:2146065-2146665	0.3656211125666556
chr17:76388485-76389085	0.3677129353691148
chr17:67323286-67323886	0.5326547275286589
chr17:28169263-28169863	0.4969049763009781
chr17:78625012-78625612	0.4301741277390097
chr17:75152144-75152744	0.4465699035901259
chr17:29154594-29155194	0.597479845330319
chr17:76648628-76649228	0.5394290613531298
chr17:20825978-20826578	0.37922410180642974
chr17:15316490-15317090	0.3473977451344285
chr17:10862361-10862961	0.33115879656481434
chr17:38587539-38588139	0.4142064081566389
chr17:30391192-30391792	0.4771062431140302
chr17:5779440-5780040	0.3248884796148971
chr17:49224013-49224613	0.9057360436444973
chr17:29214376-29214976	0.35076592752203917
chr17:52776454-52777054	0.7640633703805507
chr17:38801985-38802585	0.6817209920552236
chr17:79968099-79968699	0.40503412195708527
chr17:28672255-28672855	0.4271016678447004
chr17:51257427-51258027	0.703225014167256
chr17:38223789-38224389	0.548747578517904
chr17:29727463-29728063	0.48092610123883817
chr17:26693716-26694316	1.505888722657837e-13
chr17:35704773-35705373	0.40321817369510154
chr17:5054282-5054882	0.3276290602257913
chr17:64461947-64462547	0.37528352949718635
chr17:65124017-65124617	0.3379991275192561
chr17:58529526-58530126	0.4328071201304419
chr17:17790437-17791037	0.7662525454735736
chr17:39713753-39714353	0.36257264302899606
chr17:59415097-59415697	0.3786129034781296
chr17:27614503-27615103	0.3521347191850476
chr17:5633861-5634461	0.3425430935536828
chr17:80680251-80680851	0.330387172002758
chr17:63143011-63143611	0.38365186160287507
chr17:29593165-29593765	0.7480428598727383
chr17:18044420-18045020	0.32811772570013165
chr17:12215019-12215619	0.3318968908309719
chr17:28807764-28808364	0.7499261850419903
chr17:36302187-36302787	0.4239926777847315
chr17:12335462-12336062	0.48219918697442116
chr17:49499121-49499721	0.35810791200609976
chr17:1549582-1550182	0.3597259422509834
chr17:68892302-68892902	0.337894882228802
chr17:8292195-8292795	0.6822973294172261
chr17:35978503-35979103	0.32456684078849735
chr17:27987858-27988458	0.34422003537236995
chr17:14543787-14544387	0.3684976554096416
chr17:7778417-7779017	0.43392157876791543
chr17:49663192-49663792	0.48265376343390665
chr17:20653830-20654430	0.5578064520446859
chr17:40093247-40093847	0.9121976925026473
chr17:77207691-77208291	0.32716166016874504
chr17:32952414-32953014	0.4021576706137391
chr17:51626535-51627135	0.4561995329274668
chr17:73908830-73909430	0.3879248466541506
chr17:21605734-21606334	0.5349178790758686
chr17:10090833-10091433	0.3303776279001879
chr17:81816678-81817278	0.4264431019009719
chr17:67611084-67611684	0.34827852273777066
chr17:14046046-14046646	0.35300524488800383
chr17:34970046-34970646	0.37878749233555853
chr17:75343570-75344170	0.49871902332848994
chr17:63087975-63088575	0.5658352886733328
chr17:36825172-36825772	0.3986506903072444
chr17:74558003-74558603	0.3827851234367683
chr17:55502781-55503381	1.505888722657837e-13
chr17:8370654-8371254	0.34189826274102547
chr17:5560488-5561088	0.32876668574221457
chr17:54635072-54635672	0.41241547470684886
chr17:48124502-48125102	0.3339011603865245
chr17:13218389-13218989	0.6380817428204203
chr17:82500941-82501541	0.3431651680370995
chr17:44733969-44734569	0.46272449647425207
chr17:13048401-13049001	0.32666613492709023
chr17:36691210-36691810	0.4386515457960786
chr17:73180743-73181343	0.3232385292118696
chr17:44802434-44803034	0.36143478430103637
chr17:77896263-77896863	0.33894770863851353
chr17:3640355-3640955	0.41201408636665915
chr17:64735595-64736195	0.34562956676751905
chr17:68623672-68624272	0.32724523502400454
chr17:2671525-2672125	0.38186210262858317
chr17:67536435-67537035	0.32741811779961566
chr17:70876901-70877501	0.34307571162034883
chr17:51218621-51219221	0.7977561206017377
chr17:41826099-41826699	0.3723247572701852
chr17:30431888-30432488	0.42746483411784314
chr17:64244411-64245011	0.4255379999569508
chr17:50462890-50463490	0.6211034525938185
chr17:15873221-15873821	0.4534011686245437
chr17:16813112-16813712	0.4317369570346704
chr17:20464543-20465143	0.3308855679603376
chr17:13040455-13041055	0.3624330675774035
chr17:29332756-29333356	0.32792183443649436
chr17:10853164-10853764	0.5370830615895147
chr17:30988609-30989209	0.5335953708398827
chr17:80779004-80779604	0.3232706170352487
chr17:21066380-21066980	0.32366902194874864
chr17:13444135-13444735	0.32274986768906855
chr17:78832282-78832882	0.32344052145992047
chr17:59265283-59265883	0.4360761048017498
chr17:29373701-29374301	0.48745319661676084
chr17:30980042-30980642	1.505888722657837e-13
chr17:47033325-47033925	0.9026098919784626
chr17:48612281-48612881	0.9712268290490198
chr17:28915504-28916104	0.38636490918986055
chr17:74292640-74293240	0.4374982312981049
chr17:38716724-38717324	0.767608205701908
chr17:78968976-78969576	0.39081944491884085
chr17:43405047-43405647	0.3902731638384743
chr17:50941719-50942319	0.3550000886173788
chr17:78802409-78803009	0.36208821634600286
chr17:5770524-5771124	0.3264479227316623
chr17:47239511-47240111	0.39823087380425115
chr17:71342504-71343104	0.32936484047290565
chr17:32541218-32541818	0.3276328616292749
chr17:10627421-10628021	0.3499725222193562
chr17:60941325-60941925	0.7617254127992006
chr17:22436753-22437353	0.4238641431574592
chr17:43381736-43382336	0.3333467954979661
chr17:34019944-34020544	0.33788909128538847
chr17:64474283-64474883	0.4706958204082689
chr17:82505397-82505997	0.4370056759583916
chr17:37060849-37061449	0.7466792921642452
chr17:47599165-47599765	0.609055834909191
chr17:58157155-58157755	0.9325439978661095
chr17:7683959-7684559	0.4086237394363769
chr17:28605423-28606023	0.39266567249499823
chr17:82635757-82636357	0.34894468803543865
chr17:3062612-3063212	0.5180190184065978
chr17:16305843-16306443	0.35961863616274464
chr17:32976557-32977157	0.3686904298906136
chr17:81317370-81317970	0.78216584673922
chr17:80500566-80501166	0.32444201382822446
chr17:61184796-61185396	0.3817826770113102
chr17:20951554-20952154	0.345463712891478
chr17:55820631-55821231	0.3320729318068664
chr17:44077992-44078592	0.793917760820209
chr17:55689176-55689776	0.34092047941244097
chr17:57469715-57470315	0.32701922831043356
chr17:22599642-22600242	0.333645980313727
chr17:10001475-10002075	0.3308912988587264
chr17:80299362-80299962	0.3859088313449097
chr17:61884547-61885147	0.639733914347744
chr17:13398768-13399368	0.323990197834296
chr17:77527196-77527796	0.42347860114699104
chr17:57805216-57805816	0.6006278059206981
chr17:71809855-71810455	0.5638608531286418
chr17:68729200-68729800	0.42058477956237933
chr17:66048314-66048914	0.4647393118440459
chr17:17638552-17639152	0.5216629931144938
chr17:48309872-48310472	0.907887591633515
chr17:72904629-72905229	0.31353729468652664
chr17:79284441-79285041	0.3249471492239155
chr17:74458156-74458756	0.3388007965404508
chr17:18366287-18366887	0.4737515273206867
chr17:15960983-15961583	0.5567910492207598
chr17:31704494-31705094	0.45552749529718084
chr17:42649862-42650462	0.3410232383710221
chr17:18929483-18930083	0.329643151905163
chr17:47086103-47086703	0.35769944699651074
chr17:51429337-51429937	0.3567148269234856
chr17:11368499-11369099	0.3604595754831451
chr17:51144475-51145075	0.5909326807733104
chr17:75462854-75463454	0.40126805194658155
chr17:72672871-72673471	0.45342896692764145
chr17:62881430-62882030	0.36902386802558684
chr17:50811076-50811676	0.3943171300456048
chr17:44456701-44457301	0.3768221486927433
chr17:3194815-3195415	0.32393161809422544
chr17:44755087-44755687	0.36919063403237995
chr17:49188536-49189136	0.3437975141052997
chr17:81821805-81822405	0.36915245592239176
chr17:38355921-38356521	0.4327880573282933
chr17:3643468-3644068	0.37585212214418234
chr17:80958025-80958625	0.399824069129093
chr17:29274845-29275445	0.3801588994348107
chr17:8287729-8288329	0.4970451797820716
chr17:57329042-57329642	0.7525415690724547
chr17:6096511-6097111	0.3283136768188503
chr17:18014547-18015147	0.34982532280585715
chr17:36414424-36415024	0.6765203729066478
chr17:28322590-28323190	0.38499931989344083
chr17:52132299-52132899	0.33005702728413244
chr17:36720241-36720841	0.7458983920676251
chr17:52183058-52183658	0.3274599206705253
chr17:14785877-14786477	0.33932866468706546
chr17:82729960-82730560	0.35444710131713164
chr17:52372274-52372874	0.35969812080674207
chr17:41806847-41807447	0.4061282728510167
chr17:12542015-12542615	0.5063977892497231
chr17:44401465-44402065	0.3931616773444654
chr17:36073078-36073678	0.3345366547434903
chr17:58807323-58807923	0.5123598786776272
chr17:64492248-64492848	0.5835796006848382
chr17:2825548-2826148	0.35728128194473296
chr17:78574781-78575381	0.587708484933491
chr17:39221114-39221714	0.35453397360611266
chr17:65362858-65363458	0.34379751410529974
chr17:54122260-54122860	0.3850667393187589
chr17:75930083-75930683	0.3446467008078768
chr17:58801065-58801665	0.6351955880100453
chr17:34603571-34604171	0.3258676547098981
chr17:74963052-74963652	0.3913680550759906
chr17:36767526-36768126	0.3406704304752711
chr17:76986903-76987503	0.3460922046540961
chr17:15241072-15241672	0.3602209238759307
chr17:79380697-79381297	0.36187699033093806
chr17:11830627-11831227	0.3475875136127828
chr17:53438609-53439209	0.9264358466528612
chr17:35059457-35060057	0.609464591557398
chr17:44884484-44885084	0.3369882278786052
chr17:80154827-80155427	0.5180642575957402
chr17:6893418-6894018	0.4352296943449554
chr17:7756588-7757188	0.539418343126288
chr17:44971562-44972162	0.33768064970012224
chr17:64765394-64765994	0.38298899500526035
chr17:52962654-52963254	0.41555110108046645
chr17:33837102-33837702	0.6884296981751046
chr17:31089304-31089904	0.4777778745021585
chr17:60159131-60159731	0.5045170630742772
chr17:74805061-74805661	0.4131160923931238
chr17:49500335-49500935	0.47445068936808216
chr17:6208681-6209281	0.30185473026942705
chr17:39213528-39214128	0.4141896598780965
chr17:66631552-66632152	0.3361270530511762
chr17:51282114-51282714	0.33922615349205826
chr17:42783999-42784599	0.8683226000635546
chr17:47249366-47249966	0.4555189353476562
chr17:7609338-7609938	0.3396575758015585
chr17:28262138-28262738	0.5986454799820474
chr17:79182374-79182974	0.38855602705827486
chr17:12286961-12287561	0.34094374428278923
chr17:57246989-57247589	0.3833846231994076
chr17:28190260-28190860	0.47299224646074206
chr17:57198911-57199511	0.653150332754975
chr17:79170453-79171053	0.32479386279418987
chr17:63398430-63399030	0.6252286962000544
chr17:63806210-63806810	0.6997379302105677
chr17:1822068-1822668	0.5519183345931583
chr17:7167467-7168067	0.34337329451715615
chr17:54673877-54674477	0.5606627111979405
chr17:79635345-79635945	0.38213504900558415
chr17:65424210-65424810	0.32579942292094843
chr17:29440524-29441124	0.6037839872363511
chr17:3345030-3345630	0.40593267144584955
chr17:1057597-1058197	0.517400720195226
chr17:62231825-62232425	0.3407053157039159
chr17:55042694-55043294	0.5940408801307834
chr17:12237139-12237739	0.9852167328702718
chr17:22685710-22686310	0.4373665880217128
chr17:54109756-54110356	0.33592492128681634
chr17:40412255-40412855	0.544490242741917
chr17:76765256-76765856	0.36032433109813217
chr17:10333828-10334428	0.3326358120276501
chr17:52537171-52537771	0.8848662496442268
chr17:51490834-51491434	0.36577922578295097
chr17:73679713-73680313	0.32843546298218385
chr17:69649806-69650406	0.36305535371030223
chr17:44785910-44786510	0.32342164088888653
chr17:13459043-13459643	0.33163291745749485
chr17:69418411-69419011	0.3605411305952087
chr17:78629473-78630073	0.33352513953431967
chr17:76147378-76147978	0.37896617391171283
chr17:56210546-56211146	0.5723520515636017
chr17:47255023-47255623	0.3512710732915448
chr17:67205733-67206333	0.39750327114914713
chr17:48747273-48747873	0.3229215155189235
chr17:7758163-7758763	0.6274257567287752
chr17:81475600-81476200	0.3317572395668159
chr17:48481754-48482354	0.3511590082742895
chr17:75991090-75991690	0.5300549602151773
chr17:60453454-60454054	0.5153472536801714
chr17:71779259-71779859	0.33086837556621673
chr17:15732202-15732802	0.5132393803982587
chr17:10104029-10104629	0.3482981073844993
chr17:71928716-71929316	0.33173237326746885
chr17:28467348-28467948	0.6821233642393757
chr17:68612519-68613119	0.33250557949436244
chr17:50792150-50792750	0.3637579710534425
chr17:42495580-42496180	0.4889579825052021
chr17:15119209-15119809	0.33647370427079404
chr17:36753925-36754525	0.3486291654204045
chr17:14288170-14288770	0.3390269767375774
chr17:29922080-29922680	0.7718975391333339
chr17:29118277-29118877	0.48363626272198845
chr17:18777633-18778233	0.3662036725288242
chr17:38275692-38276292	0.46186658089591964
chr17:29967159-29967759	0.4206920179134694
chr17:77669072-77669672	0.3560221577390072
chr17:60645077-60645677	0.0020237166158863736
chr17:70466204-70466804	0.35558905081061
chr17:36019467-36020067	0.5409849558699849
chr17:55255308-55255908	0.3520756692377969
chr17:45009680-45010280	0.7236748994256075
chr17:42115429-42116029	0.5893027479184029
chr17:34812612-34813212	0.3360904723772469
chr17:13446795-13447395	0.3333793924596943
chr17:18511987-18512587	0.7991584823208508
chr17:15176313-15176913	0.35529649131634206
chr17:65514987-65515587	0.33458083530936017
chr17:38298511-38299111	0.49343892505163756
chr17:35628186-35628786	0.4386069300673126
chr17:17399424-17400024	0.35853642673697317
chr17:41586199-41586799	0.7152219467030616
chr17:76803745-76804345	0.36940968745102426
chr17:14002890-14003490	0.37165958514717873
chr17:7694705-7695305	0.36887521145623164
chr17:1327908-1328508	0.4504669096247459
chr17:42624011-42624611	0.48217333516312894
chr17:46436792-46437392	0.826301506152128
chr17:74845316-74845916	0.3715024335718777
chr17:65503407-65504007	0.33997889716346963
chr17:37746327-37746927	0.3738968817033684
chr17:16558946-16559546	0.3470867861994645
chr17:51192299-51192899	0.8176414511018208
chr17:49519204-49519804	0.32774881529709615
chr17:80724923-80725523	0.4628767997042609
chr17:19521310-19521910	0.40491561071097276
chr17:75474192-75474792	0.43141606188983317
chr17:31654330-31654930	0.3596861976193052
chr17:50021495-50022095	0.3278571844494569
chr17:70890218-70890818	0.3560280923486222
chr17:59886761-59887361	0.3583419799733444
chr17:40762598-40763198	0.46626138195749156
chr22:39399429-39400029	0.5958166023800172
chr22:49827587-49828187	0.33611935169331464
chr22:38705483-38706083	0.8637208622712224
chr22:31159893-31160493	0.4526528625553803
chr22:21001871-21002471	0.4690237308323184
chr22:31087560-31088160	0.7322552623844091
chr22:19447390-19447990	0.608581156564702
chr22:20264928-20265528	0.3374047546168742
chr22:37538690-37539290	0.34394157196375075
chr22:48561615-48562215	0.36727171246992035
chr22:17910433-17911033	0.5334235814740528
chr22:35894787-35895387	0.965431211215196
chr22:38316701-38317301	0.782162906529826
chr22:49970728-49971328	0.3259700162329454
chr22:38843831-38844431	0.4889946346255287
chr22:41589740-41590340	0.5146188237113782
chr22:50783424-50784024	0.4115856498487862
chr22:41091320-41091920	0.9185344376471839
chr22:20703044-20703644	0.4281745004438096
chr22:38050143-38050743	0.5460926192606738
chr22:30326732-30327332	0.7740219388784962
chr22:37658370-37658970	0.7013054946937495
chr22:46104126-46104726	0.37456569234527665
chr22:23539497-23540097	0.6819661906902238
chr22:37608466-37609066	0.8692383522925746
chr22:41800270-41800870	0.4243614816824516
chr22:40819135-40819735	0.5208598663909974
chr22:21641865-21642465	0.5660281676092997
chr22:23069893-23070493	0.4044728510927417
chr22:35350698-35351298	0.3305857209946004
chr22:39292482-39293082	0.42142816882623574
chr22:23717091-23717691	0.6400878064006508
chr22:41478939-41479539	0.3556444120497261
chr22:26483557-26484157	0.4584436530803643
chr22:38506213-38506813	0.8126189859729146
chr22:50185549-50186149	0.36602345745613984
chr22:29352653-29353253	0.33993630393104585
chr22:30028560-30029160	0.3343388382418163
chr22:46045927-46046527	0.32399964669608233
chr22:21665990-21666590	0.4301614378605897
chr22:31321385-31321985	0.35390239430850406
chr22:36028703-36029303	0.7550348157813299
chr22:28772408-28773008	0.7566430420613872
chr22:45163492-45164092	0.42682090125986893
chr22:48921197-48921797	0.5202439908685969
chr22:20130933-20131533	0.33775591300304225
chr22:22297862-22298462	0.3557749216757157
chr22:35376706-35377306	0.5068118716324707
chr22:36454897-36455497	0.4552899664684258
chr22:35299847-35300447	0.7057863847541516
chr22:19291504-19292104	0.4000870475981232
chr22:37546902-37547502	0.6368773816953548
chr22:46738033-46738633	0.35462283019043217
chr22:24011027-24011627	0.45075099858224016
chr22:19868996-19869596	0.5624174462723261
chr22:27919054-27919654	0.6059183591008116
chr22:50200616-50201216	0.3475894702410904
chr22:19995450-19996050	0.5144270077298833
chr22:44684619-44685219	0.33828105467342307
chr22:41394268-41394868	0.5220806611325081
chr22:36239331-36239931	0.3371617499669485
chr22:29553561-29554161	0.4054625179691559
chr22:48537041-48537641	0.3338992413761921
chr22:40346204-40346804	0.6324100053444055
chr22:17638409-17639009	0.6876036862233893
chr22:37905929-37906529	0.5810550035615031
chr22:23974242-23974842	0.524979771922903
chr22:37199183-37199783	0.34595943484001523
chr22:41381112-41381712	0.4930291595583975
chr22:46335360-46335960	0.5566739385459122
chr22:17158981-17159581	0.3865776774241102
chr22:23750848-23751448	0.4107187379316396
chr22:38026677-38027277	0.8176774703846318
chr22:41544285-41544885	0.42700033312399444
chr22:28741679-28742279	0.6802270434682083
chr22:46079792-46080392	0.6013643860998391
chr22:31944107-31944707	0.6213166331272649
chr22:23857450-23858050	0.35290080896294307
chr22:40856383-40856983	0.7578373767387893
chr22:36387809-36388409	0.6061779217158172
chr22:19432132-19432732	0.4011208815655113
chr22:39319376-39319976	0.4477302310902325
chr22:38033333-38033933	0.6648893271442103
chr22:23145067-23145667	0.43216121416069286
chr22:24588330-24588930	0.7575110364862518
chr22:43143052-43143652	0.6594793409970257
chr22:37933762-37934362	0.3764980212298261
chr22:21567354-21567954	0.699799562838702
chr22:24155714-24156314	0.7126880830324845
chr22:41620843-41621443	0.6632474774953531
chr22:31107359-31107959	0.5110512643011611
chr22:31970510-31971110	0.32582595662828595
chr22:41976515-41977115	0.7680588723326978
chr22:39519884-39520484	0.43181611947620335
chr22:42270352-42270952	0.588419132975094
chr22:29766762-29767362	0.5059362496090258
chr22:32528221-32528821	0.3435522925222508
chr22:30802691-30803291	0.7207703536621747
chr22:48702602-48703202	0.4044499897876961
chr22:39291841-39292441	0.5037168498750614
chr22:36776106-36776706	0.4853559363530463
chr22:40043969-40044569	0.8217904534951506
chr22:20079863-20080463	0.547161767345015
chr22:38681621-38682221	0.6585137518602984
chr22:37984275-37984875	0.8463873366494238
chr22:40177580-40178180	0.9834920560386734
chr22:41946592-41947192	0.5217189710111747
chr22:39501965-39502565	0.5191175991386587
chr22:41367077-41367677	0.9210178623730823
chr22:41963674-41964274	0.4003231560641774
chr22:37807563-37808163	0.5981540575181197
chr22:41240666-41241266	0.39108652409110245
chr22:46007657-46008257	0.46327153320261605
chr22:41417856-41418456	0.5926689357806159
chr22:30396714-30397314	0.487213917107662
chr22:43923478-43924078	0.5236326469689097
chr22:32474466-32475066	0.4758234870902529
chr22:31290513-31291113	0.7032322169427563
chr22:42090602-42091202	0.615289285134143
chr22:42500199-42500799	0.34962321556980924
chr22:38038478-38039078	0.8217158882349221
chr22:19854603-19855203	0.34366126960204985
chr22:35467652-35468252	0.34051153072940205
chr22:38201707-38202307	0.697745503146229
chr22:17628547-17629147	0.4949292476970883
chr22:20319833-20320433	0.4824749455299141
chr22:50627855-50628455	0.32588281833216176
chr22:23966452-23967052	0.5222098305845531
chr22:50582716-50583316	0.346142975921324
chr22:29072675-29073275	0.42877456809346604
chr22:43014937-43015537	0.43336638393457644
chr22:39349600-39350200	0.6769507340620526
chr22:39469485-39470085	0.42674069088861477
chr22:37561586-37562186	0.3338647001308349
chr22:37019438-37020038	0.5284362557539833
chr22:23979752-23980352	0.526296418259463
chr22:46116315-46116915	0.33997115274690737
chr22:50474816-50475416	0.3619706405684663
chr22:30574436-30575036	0.5381276050478233
chr22:31749877-31750477	0.7066223990466776
chr22:41413641-41414241	0.3618311653138899
chr22:30195959-30196559	0.908383541387398
chr22:30667616-30668216	0.3316443923612027
chr22:32534350-32534950	0.7201604278346435
chr22:31192928-31193528	0.4006981251103076
chr22:24247438-24248038	0.3620324156127545
chr22:24952364-24952964	0.6045288931561937
chr22:31753635-31754235	0.5718155470515689
chr22:39283447-39284047	0.6417994386150022
chr22:46053956-46054556	0.6956414858477609
chr22:30289476-30290076	0.4216048971571645
chr22:27642066-27642666	0.8575654711673678
chr22:23894019-23894619	0.5227372415028775
chr22:48651079-48651679	0.33881819240510885
chr22:38181643-38182243	0.6330195510429567
chr22:39463800-39464400	0.3309581630467665
chr22:33920811-33921411	0.5973242054580827
chr22:45671517-45672117	0.3901766690503245
chr22:50562652-50563252	0.36475100874092986
chr22:42614682-42615282	0.6749757938395091
chr22:46150093-46150693	0.38510351541082083
chr22:38755784-38756384	0.6767639034790625
chr22:36065603-36066203	0.44297962137422364
chr22:19479443-19480043	0.6031604547222735
chr22:21629776-21630376	0.6906480423804133
chr22:38202309-38202909	0.4449604893641974
chr22:39532653-39533253	0.5067946183825043
chr22:33971335-33971935	0.3427413211740904
chr22:38793802-38794402	0.8153922544873565
chr22:32801335-32801935	0.6531913799048283
chr22:45240682-45241282	0.44261772129046506
chr22:50219242-50219842	0.734931323060622
chr22:48600477-48601077	0.3489642900843404
chr22:46762361-46762961	0.6667400366899016
chr22:17084619-17085219	0.35701186886598196
chr22:21735685-21736285	0.5733971118004284
chr22:39405238-39405838	0.5152438119048015
chr22:49918182-49918782	0.44296471840838136
chr22:37999797-38000397	0.3459145328330466
chr22:42070658-42071258	0.40400531610148704
chr22:20495671-20496271	0.5557496089012731
chr22:37752396-37752996	0.7516181292240263
chr22:45268883-45269483	0.36043570721715973
chr22:38700722-38701322	0.47690606120191553
chr22:28883126-28883726	0.7065025423369117
chr22:43151169-43151769	0.3347844875725376
chr22:42369021-42369621	0.6094625378875097
chr22:20496291-20496891	0.3408991539545238
chr22:31399250-31399850	0.6301646905222997
chr22:39152542-39153142	0.4774334379582933
chr22:29603225-29603825	0.645521880189432
chr22:30635380-30635980	0.37474964885943807
chr22:31084648-31085248	0.5096540924274605
chr22:21867444-21868044	0.600176528958666
chr22:38570042-38570642	0.3623911994634515
chr22:37968701-37969301	0.8506918410325233
chr22:31080940-31081540	0.6843772052548948
chr22:40370366-40370966	0.40996925371454357
chr22:31313241-31313841	0.5137308312965613
chr22:41468764-41469364	0.6556909289036704
chr22:19178592-19179192	0.4531232016043004
chr22:31489613-31490213	0.631888347272073
chr22:39145542-39146142	0.38766060019876003
chr22:20020746-20021346	0.5023773689007942
chr22:42867621-42868221	0.32803974239240014
chr22:49853465-49854065	0.3327622386541046
chr22:20917022-20917622	0.6074398571690319
chr22:38872001-38872601	0.8154792573305494
chr22:37545851-37546451	0.44402947264026194
chr22:50525494-50526094	0.4041278973446748
chr22:36481805-36482405	0.39236941003949355
chr22:41286042-41286642	0.6393002890480342
chr22:19122246-19122846	0.4151509120830293
chr22:28800334-28800934	0.7492945915283576
chr22:35840245-35840845	0.9163670337302127
chr22:16969772-16970372	0.9238317422737481
chr22:46087765-46088365	0.4322967294831466
chr22:42079333-42079933	0.566992261194539
chr22:39454243-39454843	0.4184583965892219
chr22:37844069-37844669	0.6547026668436703
chr22:24270535-24271135	0.6477497047573239
chr22:41508590-41509190	0.4189519042859724
chr22:40636435-40637035	0.8086669740836273
chr22:18077652-18078252	0.3650789444540262
chr22:38016429-38017029	0.9747342722897885
chr22:19144482-19145082	0.4880913031245356
chr22:46027191-46027791	0.7795970433416016
chr22:18024290-18024890	0.42978501327768187
chr22:32985936-32986536	0.6026089065790973
chr22:18023443-18024043	0.37858448501164293
chr22:41832743-41833343	0.9165605773133181
chr22:41204864-41205464	0.5742875351612228
chr22:44820538-44821138	0.3633227586253401
chr22:41448169-41448769	0.592970929995943
chr22:28679589-28680189	0.7198281888574903
chr22:45164096-45164696	0.41644197299131497
chr22:23913761-23914361	0.3323600557749149
chr22:35380769-35381369	0.46549919320013994
chr22:38226461-38227061	0.528010519605037
chr22:29267706-29268306	0.7262245878407939
chr22:31211880-31212480	0.536638977868578
chr22:42649127-42649727	0.3643192849464392
chr22:40950932-40951532	0.763046174170262
chr22:21937887-21938487	0.39673481968004815
chr22:17036904-17037504	0.3448688998235988
chr22:24555016-24555616	0.38099080384452877
chr22:50326801-50327401	0.5492709796576212
chr22:30423823-30424423	0.4811307264970555
chr22:41446597-41447197	0.6640429127221777
chr22:30387121-30387721	0.47136226258191743
chr22:38398578-38399178	0.32745612029637244
chr22:49949111-49949711	0.38175620320956405
chr22:20858564-20859164	0.6382192171207336
chr22:27480429-27481029	0.4567197226196867
chr22:41022399-41022999	0.3499882251776496
chr22:37675215-37675815	0.5818718240876274
chr22:26589849-26590449	0.34656685733983084
chr22:37898774-37899374	0.42765278227253933
chr22:20117041-20117641	0.6439348922275824
chr22:41197219-41197819	0.34598481544967574
chr22:36529060-36529660	0.5239812977432052
chr22:23521603-23522203	0.7466156380052932
chr22:30356648-30357248	0.6312800254517394
chr22:30968832-30969432	0.929615465992659
chr22:42857030-42857630	0.5217598775907929
chr22:19239429-19240029	0.3329250963029311
chr22:36506789-36507389	0.40299811202113617
chr22:46249995-46250595	0.3228177666159226
chr22:30591927-30592527	0.4503537102318241
chr22:40651825-40652425	0.5411092219260183
chr22:45309510-45310110	0.3744322960003208
chr22:46070754-46071354	0.392692422303393
chr22:23180181-23180781	0.4274373827677748
chr22:29882775-29883375	0.7391453492090865
chr22:38397946-38398546	0.35783425729054497
chr22:24977396-24977996	0.3525363786319602
chr22:36281830-36282430	0.7952752973594843
chr22:48516960-48517560	0.32273289412542755
chr22:38172739-38173339	0.42649164115585486
chr22:22060870-22061470	0.40621567885464444
chr22:30341112-30341712	0.601176146467173
chr22:50507626-50508226	0.39791249210775
chr22:30255687-30256287	0.40050959019649557
chr22:43955126-43955726	0.5338423040847492
chr22:31496163-31496763	0.4090700074310116
chr22:17171279-17171879	0.33039671624500305
chr22:24592845-24593445	0.5737094474637516
chr22:23768144-23768744	0.34068593480821235
chr22:35257158-35257758	0.7648665721134963
chr22:20981683-20982283	0.35286337308970706
chr22:23960979-23961579	0.5092508672161334
chr22:42553460-42554060	0.34291238517958494
chr22:19970422-19971022	0.3385283182086442
chr22:17866092-17866692	0.6561582765529674
chr22:43187346-43187946	0.35818526597626443
chr22:31345764-31346364	0.727743584989354
chr22:50244731-50245331	0.3375957471259558
chr22:35399676-35400276	0.4973902979771722
chr22:46035626-46036226	0.3686783802563337
chr22:39040536-39041136	0.33281779736411166
chr22:44498048-44498648	0.38873643308853933
chr22:28442066-28442666	0.8936922937597095
chr22:32796781-32797381	0.6083098194793397
chr22:23128244-23128844	0.3704876490480017
chr22:50342926-50343526	0.3369342521857773
chr22:27267148-27267748	0.6901833009202398
chr22:32846239-32846839	0.33665865695378394
chr22:30910389-30910989	0.4651471376447872
chr22:47301888-47302488	0.34247314397635464
chr22:27973459-27974059	0.569071271138266
chr22:42384798-42385398	0.37400191982547326
chr22:47440850-47441450	0.32769368716029496
chr22:30775901-30776501	0.3946613173132682
chr22:44699511-44700111	0.3715084773608611
chr22:44450866-44451466	0.33568821478298266
chr22:24807090-24807690	0.35336200923271827
chr22:22183768-22184368	0.6161691694527719
chr22:39371269-39371869	0.3645611033676348
chr22:37829671-37830271	0.3238088075208928
chr22:34015232-34015832	0.33131170140475596
chr22:39593048-39593648	0.49594297901240936
chr22:47284674-47285274	0.3235802555617317
chr22:42141660-42142260	0.39957770861871883
chr22:43244349-43244949	0.32966603213298346
chr22:47286343-47286943	0.32328005494698037
chr22:48013324-48013924	0.41825264153458375
chr22:19976661-19977261	0.49256117571990776
chr22:44650089-44650689	0.6610934470170257
chr22:44324983-44325583	0.3281025087001331
chr22:28657276-28657876	0.4781051087991308
chr22:47868122-47868722	0.35762015733694535
chr22:50231665-50232265	0.3596563904085672
chr22:45424067-45424667	0.32909045870042575
chr22:15909732-15910332	0.3915324861840559
chr22:46698828-46699428	0.530147377437429
chr22:46754826-46755426	0.4446302214788755
chr22:15230840-15231440	0.3578481360979207
chr22:32189249-32189849	0.4424580788322066
chr22:39766843-39767443	0.4479563909973957
chr22:16495707-16496307	0.530136631354894
chr22:28051767-28052367	0.8363164086360165
chr22:48981779-48982379	0.32323097937757916
chr22:26876857-26877457	0.48358239428232863
chr22:23139648-23140248	0.4464227710213989
chr22:46204461-46205061	0.4019772061545233
chr22:34499344-34499944	0.4735600823185691
chr22:48806308-48806908	0.3398956491690195
chr22:38903557-38904157	0.6896683172371508
chr22:27419773-27420373	0.3755182094315295
chr22:22355035-22355635	0.3333218694848426
chr22:42125410-42126010	0.3510803759521068
chr22:31470568-31471168	0.39348491946935493
chr22:27589240-27589840	0.34511261704518087
chr22:33899358-33899958	0.3568653144199268
chr22:32152439-32153039	0.3380319487386095
chr22:23816410-23817010	0.653732597916711
chr22:29452494-29453094	0.3442589898413433
chr22:26072440-26073040	0.36988817450226746
chr22:40094149-40094749	0.43787409999856747
chr22:20885018-20885618	0.34125207612363345
chr22:47857130-47857730	0.33170750790675996
chr22:33533258-33533858	0.5170990918580451
chr22:19059605-19060205	0.32990060098555035
chr22:16143225-16143825	0.3722824136982008
chr22:25013483-25014083	0.3871384470845171
chr22:45625811-45626411	0.34010475591958267
chr22:19328407-19329007	0.40185898521516933
chr22:25400967-25401567	0.3368667885500689
chr22:28931635-28932235	0.3529717450424305
chr22:30836675-30837275	0.42180689698266705
chr22:17487317-17487917	0.365557074947153
chr22:34058415-34059015	0.32773740908574917
chr22:41909863-41910463	0.5187945058699628
chr22:38919970-38920570	0.4074254025512736
chr22:30679023-30679623	0.4476214260033291
chr22:49276378-49276978	0.3499448752529736
chr22:29057557-29058157	0.501974007163826
chr22:29403646-29404246	0.6088442072329325
chr22:26848112-26848712	0.3288771311945219
chr22:48388551-48389151	0.4854421449993246
chr22:28776350-28776950	0.35694452971477253
chr22:39930297-39930897	0.3270002398045668
chr22:50456042-50456642	0.8128369814473232
chr22:48392640-48393240	0.3242491485273032
chr22:49694119-49694719	0.32838027576680856
chr22:42004842-42005442	0.3550198453389614
chr22:16919502-16920102	2.1860792282857785e-07
chr22:25599271-25599871	0.44082402991655073
chr22:16189678-16190278	0.5010658953995406
chr22:48697024-48697624	0.33989564916901954
chr22:33837849-33838449	0.32804354623610965
chr22:42654569-42655169	0.3365950738210972
chr22:16243630-16244230	0.3569207643047931
chr22:36478743-36479343	0.4092368751122011
chr22:49320820-49321420	0.3255455139476781
chr22:15798258-15798858	0.6504067797348464
chr22:16596121-16596721	0.34950354645549153
chr22:16011037-16011637	1.505888722657837e-13
chr22:24308482-24309082	0.4762431464733964
chr22:16719084-16719684	0.34496052793865095
chr22:28295567-28296167	0.38458468547897057
chr22:27568528-27569128	0.3506578657809652
chr22:15568618-15569218	0.33575748619573936
chr22:49532537-49533137	0.3285134943716002
chr22:15928854-15929454	0.4478731787118168
chr22:49244368-49244968	0.3343542005449572
chr22:49450234-49450834	0.3234631789045004
chr22:19196715-19197315	0.32718445222360626
chr22:20971020-20971620	0.48615770971676875
chr22:45475663-45476263	0.32644223124499183
chr22:23754209-23754809	0.4289690012122625
chr22:17903830-17904430	0.3571346783314746
chr22:47639740-47640340	0.4261054767853083
chr22:25131394-25131994	0.43247672643357565
chr22:46356980-46357580	0.3420011634871292
chr22:46139633-46140233	0.40213070297424824
chr22:16852388-16852988	0.5210084423216943
chr22:38874452-38875052	0.3509368928015516
chr22:19600931-19601531	0.38804982337371835
chr22:39559685-39560285	0.42176270728257625
chr22:26744885-26745485	0.3344713496564852
chr22:35347234-35347834	0.3768302532929952
chr22:43148586-43149186	0.3281671834437327
chr22:27575060-27575660	0.41221476594361317
chr22:22604296-22604896	0.3295096999987097
chr22:16769838-16770438	0.7353597157753939
chr22:37883535-37884135	0.33802422595844867
chr22:37294771-37295371	0.32586386386128713
chr22:44732863-44733463	0.32558908806146036
chr22:37579696-37580296	0.4244289292325362
chr22:30092875-30093475	0.6189202464554873
chr22:22586748-22587348	0.34837840979580026
chr22:41346712-41347312	0.35935837788668823
chr22:47336978-47337578	0.3243077581443095
chr22:29609489-29610089	0.6155527173617094
chr22:35926689-35927289	0.41413732278658866
chr22:48504351-48504951	0.3580860955549856
chr22:46429893-46430493	0.3227008342246462
chr22:33236064-33236664	0.38925732131541074
chr22:50621811-50622411	0.4217374565878429
chr22:35831691-35832291	0.3657652145824108
chr22:19507031-19507631	0.6056937686047804
chr22:34601884-34602484	0.352022528151402
chr22:20749475-20750075	0.5197077413752363
chr22:36230007-36230607	0.3245403602575903
chr22:22219763-22220363	0.40841316988320864
chr22:25479066-25479666	0.38165031502633384
chr22:47755315-47755915	0.39183880473713933
chr22:42679341-42679941	0.7741939389605926
chr22:17024576-17025176	0.6204514394217157
chr22:20209294-20209894	0.32859914947806235
chr22:16806499-16807099	0.41628891364217396
chr22:48477903-48478503	0.5705264037342542
chr22:20878849-20879449	0.40029001523828966
chr22:10524859-10525459	0.51079685324498
chr22:27549194-27549794	0.3270363184503475
chr22:40906536-40907136	0.33342733206258196
chr22:33228683-33229283	0.3736605893965597
chr22:40613657-40614257	0.3882547350988275
chr22:15599343-15599943	0.33662975479651835
chr22:22616204-22616804	0.3223011685279277
chr22:26259781-26260381	0.3554447343179848
chr22:27116187-27116787	0.38810309661704834
chr22:16000632-16001232	1.505888722657837e-13
chr22:26521868-26522468	0.3491897503544964
chr22:26763316-26763916	0.3258790273924235
chr22:45745571-45746171	0.44061773653696473
chr22:15394706-15395306	1.505888722657837e-13
chr22:43639120-43639720	0.3314359628105323
chr22:23865140-23865740	0.4166034366138423
chr22:45273001-45273601	0.3439123687257579
chr22:38790195-38790795	0.3805757809880347
chr22:47875907-47876507	0.3444304143746676
chr22:50095965-50096565	0.3877343367549022
chr22:24410095-24410695	0.4336884614195224
chr22:37572351-37572951	0.36122173273684755
chr22:22937599-22938199	0.33609817340840287
chr22:15338139-15338739	0.3391101212728925
chr22:32385583-32386183	0.3904928754823046
chr22:30033791-30034391	0.3283269960560587
chr22:32196976-32197576	0.7496089014363453
chr22:28503235-28503835	0.7566589292306893
chr22:35191304-35191904	0.3840150920594183
chr22:50256733-50257333	0.6145190225003071
chr22:16918601-16919201	0.3476109934921023
chr22:22417390-22417990	0.38221052959840496
chr22:43813989-43814589	0.3620563297573137
chr22:24113092-24113692	0.5325752560638994
chr22:21924721-21925321	0.34385396578954847
chr22:17070480-17071080	0.7865627498693342
chr22:39551380-39551980	0.324268054253394
chr22:20106833-20107433	0.5848475981343207
chr22:43171592-43172192	0.4842029815104579
chr22:23586079-23586679	0.6850496285276519
chr22:22804665-22805265	0.47020572947649586
chr22:16935172-16935772	0.4217711242717369
chr22:47244470-47245070	0.3388491194619422
chr22:22883618-22884218	0.3798499110638121
chr22:42691638-42692238	0.3255189920511674
chr22:47370130-47370730	0.46603807638254796
chr22:34925103-34925703	0.34889372509969885
chr22:20880793-20881393	0.5074265077684691
chr22:41985163-41985763	0.34335384089314025
chr22:33249643-33250243	0.36798981562176386
chr22:23944455-23945055	0.4383180141698946
chr22:46282798-46283398	0.3384916094503787
chr22:45030384-45030984	0.34489619209942457
chr22:17049115-17049715	0.47133001301022004
chr22:46182955-46183555	0.3311396859649946
chr22:33749978-33750578	0.33665865695378394
chr22:48633186-48633786	0.40100067110342374
chr22:47098889-47099489	0.3398646756953763
chr22:45592411-45593011	0.3306716503333089
chr22:48926907-48927507	0.3251118319854973
chr22:23897673-23898273	0.35913394674623933
chr22:32963437-32964037	0.5744689369556689
chr22:26907227-26907827	0.4476022256259903
chr22:28004517-28005117	0.374074645483172
chr22:45185070-45185670	0.39264921139457937
chr22:45462119-45462719	0.35326541047263516
chr22:23842160-23842760	0.5293542421196511
chr22:33476874-33477474	0.46989407866542326
chr22:36883840-36884440	0.326400495238692
chr22:19193855-19194455	0.34673491464526757
chr22:30016842-30017442	0.4667123285705596
chr22:27448138-27448738	0.3302382999125022
chr22:34359027-34359627	0.4392273898958938
chr22:37028752-37029352	0.5418975488602764
chr22:40456639-40457239	0.47688023181682787
chr22:29056213-29056813	0.4396248391049567
chr22:30600288-30600888	0.45152012175537276
chr22:16873302-16873902	0.49500042331287325
chr22:48307919-48308519	0.5580001115970771
chr22:31225458-31226058	0.528986641091235
chr22:31962365-31962965	0.3367588605590702
chr22:32560737-32561337	0.34844892633326496
chr22:50270597-50271197	0.3297670961252404
chr22:10555426-10556026	0.33714246756687866
chr22:24231737-24232337	0.4991353331178367
chr22:49420647-49421247	0.3590465742985629
chr22:43546734-43547334	0.3653089740918031
chr22:48172409-48173009	0.3231743585569081
chr22:22173600-22174200	0.5568102121851107
chr22:16595010-16595610	0.7040077235589354
chr22:25103391-25103991	0.37288750757436556
chr22:20390793-20391393	0.3649849500634395
chr22:50103528-50104128	0.39554390236701403
chr22:17416670-17417270	0.35383137347712895
chr22:36769569-36770169	0.44852615314792493
chr22:20307085-20307685	0.32314605009009173
chr22:24893431-24894031	0.6647412809527649
chr22:30299698-30300298	0.45780964275741187
chr22:21704911-21705511	0.38304812546373784
chr22:31109440-31110040	0.6041348341659601
chr22:39702207-39702807	0.3251837759582573
chr22:48653301-48653901	0.32408847300984434
chr22:23116684-23117284	0.33464807217076803
chr22:49071290-49071890	0.3228215389976934
chr22:47611882-47612482	0.44332667654842184
chr22:49197983-49198583	0.3700108531482588
chr22:24843271-24843871	0.33175150110673784
chr22:42278048-42278648	0.5501060588592848
chr22:17135641-17136241	0.3528830759557903
chr22:33807506-33808106	0.3369959390389537
chr22:48604051-48604651	0.3266243841760535
chr22:44561324-44561924	0.5330305835593099
chr22:31493738-31494338	0.3829951117887051
chr22:41243861-41244461	0.3453895786098839
chr22:48935076-48935676	0.4350112585030585
chr22:43746317-43746917	0.3257539391635054
chr22:46347031-46347631	0.32447227261831324
chr22:27845661-27846261	0.356522798434758
chr22:30052920-30053520	0.4209443729547789
chr22:49017109-49017709	0.36305335846933257
chr22:11916635-11917235	0.33262240455616515
chr22:28601245-28601845	0.3528397303107554
chr22:48752298-48752898	0.3257482539245927
chr22:38210941-38211541	0.3784687898629101
chr22:31127412-31128012	0.6853790379024969
chr22:30010387-30010987	0.34987831130035796
chr22:27136932-27137532	0.33157937055192366
chr22:39027557-39028157	0.33927837429339475
chr22:16504188-16504788	0.4502981803326251
chr22:42915402-42916002	0.35733676055148
chr22:31936933-31937533	0.35592721000204214
chr22:28012961-28013561	0.32717685478135355
chr22:43783372-43783972	0.4174089242699121
chr22:43708521-43709121	0.34969188673034757
chr22:33340689-33341289	0.3250531469602374
chr22:41323829-41324429	0.34908583418882544
chr22:33309274-33309874	0.32563455991794854
chr22:34752318-34752918	0.34393962504451436
chr22:22911646-22912246	0.32399964669608233
chr22:36497398-36497998	0.3844968780077691
chr22:27437085-27437685	0.3247427756575536
chr22:45135090-45135690	0.34925446011430006
chr22:18132276-18132876	0.33744719281414687
chr22:33645760-33646360	0.4241781229035009
chr22:35128264-35128864	0.7831638579741604
chr22:26084851-26085451	0.3296793793052518
chr22:49711175-49711775	0.3389051782597731
chr22:43737601-43738201	0.399188603983046
chr22:22020052-22020652	0.32544322136455356
chr22:42151666-42152266	0.36973133120418517
chr22:25586973-25587573	0.4419877349720057
chr22:48348596-48349196	0.32434935540808424
chr22:29165276-29165876	0.3848522382936151
chr22:40756268-40756868	0.3788747985450865
chr22:32506164-32506764	0.5410449470171762
chr22:16193690-16194290	0.3230950981155316
